"Program","Year","Period","Week Ending","Geo Level","State","State ANSI","Ag District","Ag District Code","County","County ANSI","Zip Code","Region","watershed_code","Watershed","Commodity","Data Item","Domain","Domain Category","Value","CV (%)"
"SURVEY","2010","MARKETING YEAR","","STATE","ALABAMA","01","","","","","","","00000000","","CATTLE","CATTLE, COWS - PRICE RECEIVED, MEASURED IN $ / CWT","TOTAL","NOT SPECIFIED","49.5",""
"SURVEY","2010","MARKETING YEAR","","STATE","ALASKA","02","","","","","","","00000000","","CATTLE","CATTLE, COWS - PRICE RECEIVED, MEASURED IN $ / CWT","TOTAL","NOT SPECIFIED","85",""
"SURVEY","2010","MARKETING YEAR","","STATE","ARIZONA","04","","","","","","","00000000","","CATTLE","CATTLE, COWS - PRICE RECEIVED, MEASURED IN $ / CWT","TOTAL","NOT SPECIFIED","58.7",""
"SURVEY","2010","MARKETING YEAR","","STATE","ARKANSAS","05","","","","","","","00000000","","CATTLE","CATTLE, COWS - PRICE RECEIVED, MEASURED IN $ / CWT","TOTAL","NOT SPECIFIED","53.6",""
"SURVEY","2010","MARKETING YEAR","","STATE","CALIFORNIA","06","","","","","","","00000000","","CATTLE","CATTLE, COWS - PRICE RECEIVED, MEASURED IN $ / CWT","TOTAL","NOT SPECIFIED","54.9",""
"SURVEY","2010","MARKETING YEAR","","STATE","COLORADO","08","","","","","","","00000000","","CATTLE","CATTLE, COWS - PRICE RECEIVED, MEASURED IN $ / CWT","TOTAL","NOT SPECIFIED","59.2",""
"SURVEY","2010","MARKETING YEAR","","STATE","CONNECTICUT","09","","","","","","","00000000","","CATTLE","CATTLE, COWS - PRICE RECEIVED, MEASURED IN $ / CWT","TOTAL","NOT SPECIFIED","47",""
"SURVEY","2010","MARKETING YEAR","","STATE","DELAWARE","10","","","","","","","00000000","","CATTLE","CATTLE, COWS - PRICE RECEIVED, MEASURED IN $ / CWT","TOTAL","NOT SPECIFIED","57.2",""
"SURVEY","2010","MARKETING YEAR","","STATE","FLORIDA","12","","","","","","","00000000","","CATTLE","CATTLE, COWS - PRICE RECEIVED, MEASURED IN $ / CWT","TOTAL","NOT SPECIFIED","51.2",""
"SURVEY","2010","MARKETING YEAR","","STATE","GEORGIA","13","","","","","","","00000000","","CATTLE","CATTLE, COWS - PRICE RECEIVED, MEASURED IN $ / CWT","TOTAL","NOT SPECIFIED","55.2",""
"SURVEY","2010","MARKETING YEAR","","STATE","HAWAII","15","","","","","","","00000000","","CATTLE","CATTLE, COWS - PRICE RECEIVED, MEASURED IN $ / CWT","TOTAL","NOT SPECIFIED","29.6",""
"SURVEY","2010","MARKETING YEAR","","STATE","IDAHO","16","","","","","","","00000000","","CATTLE","CATTLE, COWS - PRICE RECEIVED, MEASURED IN $ / CWT","TOTAL","NOT SPECIFIED","56.5",""
"SURVEY","2010","MARKETING YEAR","","STATE","ILLINOIS","17","","","","","","","00000000","","CATTLE","CATTLE, COWS - PRICE RECEIVED, MEASURED IN $ / CWT","TOTAL","NOT SPECIFIED","54.2",""
"SURVEY","2010","MARKETING YEAR","","STATE","INDIANA","18","","","","","","","00000000","","CATTLE","CATTLE, COWS - PRICE RECEIVED, MEASURED IN $ / CWT","TOTAL","NOT SPECIFIED","52.4",""
"SURVEY","2010","MARKETING YEAR","","STATE","IOWA","19","","","","","","","00000000","","CATTLE","CATTLE, COWS - PRICE RECEIVED, MEASURED IN $ / CWT","TOTAL","NOT SPECIFIED","56.9",""
"SURVEY","2010","MARKETING YEAR","","STATE","KANSAS","20","","","","","","","00000000","","CATTLE","CATTLE, COWS - PRICE RECEIVED, MEASURED IN $ / CWT","TOTAL","NOT SPECIFIED","54.3",""
"SURVEY","2010","MARKETING YEAR","","STATE","KENTUCKY","21","","","","","","","00000000","","CATTLE","CATTLE, COWS - PRICE RECEIVED, MEASURED IN $ / CWT","TOTAL","NOT SPECIFIED","54.8",""
"SURVEY","2010","MARKETING YEAR","","STATE","LOUISIANA","22","","","","","","","00000000","","CATTLE","CATTLE, COWS - PRICE RECEIVED, MEASURED IN $ / CWT","TOTAL","NOT SPECIFIED","51.5",""
"SURVEY","2010","MARKETING YEAR","","STATE","MAINE","23","","","","","","","00000000","","CATTLE","CATTLE, COWS - PRICE RECEIVED, MEASURED IN $ / CWT","TOTAL","NOT SPECIFIED","48",""
"SURVEY","2010","MARKETING YEAR","","STATE","MARYLAND","24","","","","","","","00000000","","CATTLE","CATTLE, COWS - PRICE RECEIVED, MEASURED IN $ / CWT","TOTAL","NOT SPECIFIED","54.9",""
"SURVEY","2010","MARKETING YEAR","","STATE","MASSACHUSETTS","25","","","","","","","00000000","","CATTLE","CATTLE, COWS - PRICE RECEIVED, MEASURED IN $ / CWT","TOTAL","NOT SPECIFIED","46",""
"SURVEY","2010","MARKETING YEAR","","STATE","MICHIGAN","26","","","","","","","00000000","","CATTLE","CATTLE, COWS - PRICE RECEIVED, MEASURED IN $ / CWT","TOTAL","NOT SPECIFIED","54",""
"SURVEY","2010","MARKETING YEAR","","STATE","MINNESOTA","27","","","","","","","00000000","","CATTLE","CATTLE, COWS - PRICE RECEIVED, MEASURED IN $ / CWT","TOTAL","NOT SPECIFIED","57.9",""
"SURVEY","2010","MARKETING YEAR","","STATE","MISSISSIPPI","28","","","","","","","00000000","","CATTLE","CATTLE, COWS - PRICE RECEIVED, MEASURED IN $ / CWT","TOTAL","NOT SPECIFIED","50.8",""
"SURVEY","2010","MARKETING YEAR","","STATE","MISSOURI","29","","","","","","","00000000","","CATTLE","CATTLE, COWS - PRICE RECEIVED, MEASURED IN $ / CWT","TOTAL","NOT SPECIFIED","50.6",""
"SURVEY","2010","MARKETING YEAR","","STATE","MONTANA","30","","","","","","","00000000","","CATTLE","CATTLE, COWS - PRICE RECEIVED, MEASURED IN $ / CWT","TOTAL","NOT SPECIFIED","54.9",""
"SURVEY","2010","MARKETING YEAR","","STATE","NEBRASKA","31","","","","","","","00000000","","CATTLE","CATTLE, COWS - PRICE RECEIVED, MEASURED IN $ / CWT","TOTAL","NOT SPECIFIED","58.9",""
"SURVEY","2010","MARKETING YEAR","","STATE","NEVADA","32","","","","","","","00000000","","CATTLE","CATTLE, COWS - PRICE RECEIVED, MEASURED IN $ / CWT","TOTAL","NOT SPECIFIED","58",""
"SURVEY","2010","MARKETING YEAR","","STATE","NEW HAMPSHIRE","33","","","","","","","00000000","","CATTLE","CATTLE, COWS - PRICE RECEIVED, MEASURED IN $ / CWT","TOTAL","NOT SPECIFIED","47",""
"SURVEY","2010","MARKETING YEAR","","STATE","NEW JERSEY","34","","","","","","","00000000","","CATTLE","CATTLE, COWS - PRICE RECEIVED, MEASURED IN $ / CWT","TOTAL","NOT SPECIFIED","51",""
"SURVEY","2010","MARKETING YEAR","","STATE","NEW MEXICO","35","","","","","","","00000000","","CATTLE","CATTLE, COWS - PRICE RECEIVED, MEASURED IN $ / CWT","TOTAL","NOT SPECIFIED","59.9",""
"SURVEY","2010","MARKETING YEAR","","STATE","NEW YORK","36","","","","","","","00000000","","CATTLE","CATTLE, COWS - PRICE RECEIVED, MEASURED IN $ / CWT","TOTAL","NOT SPECIFIED","55.6",""
"SURVEY","2010","MARKETING YEAR","","STATE","NORTH CAROLINA","37","","","","","","","00000000","","CATTLE","CATTLE, COWS - PRICE RECEIVED, MEASURED IN $ / CWT","TOTAL","NOT SPECIFIED","53.7",""
"SURVEY","2010","MARKETING YEAR","","STATE","NORTH DAKOTA","38","","","","","","","00000000","","CATTLE","CATTLE, COWS - PRICE RECEIVED, MEASURED IN $ / CWT","TOTAL","NOT SPECIFIED","56.5",""
"SURVEY","2010","MARKETING YEAR","","STATE","OHIO","39","","","","","","","00000000","","CATTLE","CATTLE, COWS - PRICE RECEIVED, MEASURED IN $ / CWT","TOTAL","NOT SPECIFIED","48",""
"SURVEY","2010","MARKETING YEAR","","STATE","OKLAHOMA","40","","","","","","","00000000","","CATTLE","CATTLE, COWS - PRICE RECEIVED, MEASURED IN $ / CWT","TOTAL","NOT SPECIFIED","59.6",""
"SURVEY","2010","MARKETING YEAR","","STATE","OREGON","41","","","","","","","00000000","","CATTLE","CATTLE, COWS - PRICE RECEIVED, MEASURED IN $ / CWT","TOTAL","NOT SPECIFIED","57.4",""
"SURVEY","2010","MARKETING YEAR","","STATE","PENNSYLVANIA","42","","","","","","","00000000","","CATTLE","CATTLE, COWS - PRICE RECEIVED, MEASURED IN $ / CWT","TOTAL","NOT SPECIFIED","52.1",""
"SURVEY","2010","MARKETING YEAR","","STATE","RHODE ISLAND","44","","","","","","","00000000","","CATTLE","CATTLE, COWS - PRICE RECEIVED, MEASURED IN $ / CWT","TOTAL","NOT SPECIFIED","49",""
"SURVEY","2010","MARKETING YEAR","","STATE","SOUTH CAROLINA","45","","","","","","","00000000","","CATTLE","CATTLE, COWS - PRICE RECEIVED, MEASURED IN $ / CWT","TOTAL","NOT SPECIFIED","51.3",""
"SURVEY","2010","MARKETING YEAR","","STATE","SOUTH DAKOTA","46","","","","","","","00000000","","CATTLE","CATTLE, COWS - PRICE RECEIVED, MEASURED IN $ / CWT","TOTAL","NOT SPECIFIED","59.1",""
"SURVEY","2010","MARKETING YEAR","","STATE","TENNESSEE","47","","","","","","","00000000","","CATTLE","CATTLE, COWS - PRICE RECEIVED, MEASURED IN $ / CWT","TOTAL","NOT SPECIFIED","51.1",""
"SURVEY","2010","MARKETING YEAR","","STATE","TEXAS","48","","","","","","","00000000","","CATTLE","CATTLE, COWS - PRICE RECEIVED, MEASURED IN $ / CWT","TOTAL","NOT SPECIFIED","51.7",""
"SURVEY","2010","MARKETING YEAR","","STATE","UTAH","49","","","","","","","00000000","","CATTLE","CATTLE, COWS - PRICE RECEIVED, MEASURED IN $ / CWT","TOTAL","NOT SPECIFIED","54",""
"SURVEY","2010","MARKETING YEAR","","STATE","VERMONT","50","","","","","","","00000000","","CATTLE","CATTLE, COWS - PRICE RECEIVED, MEASURED IN $ / CWT","TOTAL","NOT SPECIFIED","49",""
"SURVEY","2010","MARKETING YEAR","","STATE","VIRGINIA","51","","","","","","","00000000","","CATTLE","CATTLE, COWS - PRICE RECEIVED, MEASURED IN $ / CWT","TOTAL","NOT SPECIFIED","48.7",""
"SURVEY","2010","MARKETING YEAR","","STATE","WASHINGTON","53","","","","","","","00000000","","CATTLE","CATTLE, COWS - PRICE RECEIVED, MEASURED IN $ / CWT","TOTAL","NOT SPECIFIED","57.2",""
"SURVEY","2010","MARKETING YEAR","","STATE","WEST VIRGINIA","54","","","","","","","00000000","","CATTLE","CATTLE, COWS - PRICE RECEIVED, MEASURED IN $ / CWT","TOTAL","NOT SPECIFIED","52",""
"SURVEY","2010","MARKETING YEAR","","STATE","WISCONSIN","55","","","","","","","00000000","","CATTLE","CATTLE, COWS - PRICE RECEIVED, MEASURED IN $ / CWT","TOTAL","NOT SPECIFIED","54.2",""
"SURVEY","2010","MARKETING YEAR","","STATE","WYOMING","56","","","","","","","00000000","","CATTLE","CATTLE, COWS - PRICE RECEIVED, MEASURED IN $ / CWT","TOTAL","NOT SPECIFIED","54.1",""
"SURVEY","2009","MARKETING YEAR","","STATE","ALABAMA","01","","","","","","","00000000","","CATTLE","CATTLE, COWS - PRICE RECEIVED, MEASURED IN $ / CWT","TOTAL","NOT SPECIFIED","42.3",""
"SURVEY","2009","MARKETING YEAR","","STATE","ALASKA","02","","","","","","","00000000","","CATTLE","CATTLE, COWS - PRICE RECEIVED, MEASURED IN $ / CWT","TOTAL","NOT SPECIFIED","90",""
"SURVEY","2009","MARKETING YEAR","","STATE","ARIZONA","04","","","","","","","00000000","","CATTLE","CATTLE, COWS - PRICE RECEIVED, MEASURED IN $ / CWT","TOTAL","NOT SPECIFIED","45.4",""
"SURVEY","2009","MARKETING YEAR","","STATE","ARKANSAS","05","","","","","","","00000000","","CATTLE","CATTLE, COWS - PRICE RECEIVED, MEASURED IN $ / CWT","TOTAL","NOT SPECIFIED","42.6",""
"SURVEY","2009","MARKETING YEAR","","STATE","CALIFORNIA","06","","","","","","","00000000","","CATTLE","CATTLE, COWS - PRICE RECEIVED, MEASURED IN $ / CWT","TOTAL","NOT SPECIFIED","42.8",""
"SURVEY","2009","MARKETING YEAR","","STATE","COLORADO","08","","","","","","","00000000","","CATTLE","CATTLE, COWS - PRICE RECEIVED, MEASURED IN $ / CWT","TOTAL","NOT SPECIFIED","47",""
"SURVEY","2009","MARKETING YEAR","","STATE","CONNECTICUT","09","","","","","","","00000000","","CATTLE","CATTLE, COWS - PRICE RECEIVED, MEASURED IN $ / CWT","TOTAL","NOT SPECIFIED","39",""
"SURVEY","2009","MARKETING YEAR","","STATE","DELAWARE","10","","","","","","","00000000","","CATTLE","CATTLE, COWS - PRICE RECEIVED, MEASURED IN $ / CWT","TOTAL","NOT SPECIFIED","49.8",""
"SURVEY","2009","MARKETING YEAR","","STATE","FLORIDA","12","","","","","","","00000000","","CATTLE","CATTLE, COWS - PRICE RECEIVED, MEASURED IN $ / CWT","TOTAL","NOT SPECIFIED","43.9",""
"SURVEY","2009","MARKETING YEAR","","STATE","GEORGIA","13","","","","","","","00000000","","CATTLE","CATTLE, COWS - PRICE RECEIVED, MEASURED IN $ / CWT","TOTAL","NOT SPECIFIED","47.8",""
"SURVEY","2009","MARKETING YEAR","","STATE","HAWAII","15","","","","","","","00000000","","CATTLE","CATTLE, COWS - PRICE RECEIVED, MEASURED IN $ / CWT","TOTAL","NOT SPECIFIED","29.5",""
"SURVEY","2009","MARKETING YEAR","","STATE","IDAHO","16","","","","","","","00000000","","CATTLE","CATTLE, COWS - PRICE RECEIVED, MEASURED IN $ / CWT","TOTAL","NOT SPECIFIED","45",""
"SURVEY","2009","MARKETING YEAR","","STATE","ILLINOIS","17","","","","","","","00000000","","CATTLE","CATTLE, COWS - PRICE RECEIVED, MEASURED IN $ / CWT","TOTAL","NOT SPECIFIED","45.2",""
"SURVEY","2009","MARKETING YEAR","","STATE","INDIANA","18","","","","","","","00000000","","CATTLE","CATTLE, COWS - PRICE RECEIVED, MEASURED IN $ / CWT","TOTAL","NOT SPECIFIED","46.2",""
"SURVEY","2009","MARKETING YEAR","","STATE","IOWA","19","","","","","","","00000000","","CATTLE","CATTLE, COWS - PRICE RECEIVED, MEASURED IN $ / CWT","TOTAL","NOT SPECIFIED","47.1",""
"SURVEY","2009","MARKETING YEAR","","STATE","KANSAS","20","","","","","","","00000000","","CATTLE","CATTLE, COWS - PRICE RECEIVED, MEASURED IN $ / CWT","TOTAL","NOT SPECIFIED","46.4",""
"SURVEY","2009","MARKETING YEAR","","STATE","KENTUCKY","21","","","","","","","00000000","","CATTLE","CATTLE, COWS - PRICE RECEIVED, MEASURED IN $ / CWT","TOTAL","NOT SPECIFIED","43.9",""
"SURVEY","2009","MARKETING YEAR","","STATE","LOUISIANA","22","","","","","","","00000000","","CATTLE","CATTLE, COWS - PRICE RECEIVED, MEASURED IN $ / CWT","TOTAL","NOT SPECIFIED","42.7",""
"SURVEY","2009","MARKETING YEAR","","STATE","MAINE","23","","","","","","","00000000","","CATTLE","CATTLE, COWS - PRICE RECEIVED, MEASURED IN $ / CWT","TOTAL","NOT SPECIFIED","39",""
"SURVEY","2009","MARKETING YEAR","","STATE","MARYLAND","24","","","","","","","00000000","","CATTLE","CATTLE, COWS - PRICE RECEIVED, MEASURED IN $ / CWT","TOTAL","NOT SPECIFIED","48.5",""
"SURVEY","2009","MARKETING YEAR","","STATE","MASSACHUSETTS","25","","","","","","","00000000","","CATTLE","CATTLE, COWS - PRICE RECEIVED, MEASURED IN $ / CWT","TOTAL","NOT SPECIFIED","39",""
"SURVEY","2009","MARKETING YEAR","","STATE","MICHIGAN","26","","","","","","","00000000","","CATTLE","CATTLE, COWS - PRICE RECEIVED, MEASURED IN $ / CWT","TOTAL","NOT SPECIFIED","45.8",""
"SURVEY","2009","MARKETING YEAR","","STATE","MINNESOTA","27","","","","","","","00000000","","CATTLE","CATTLE, COWS - PRICE RECEIVED, MEASURED IN $ / CWT","TOTAL","NOT SPECIFIED","47.8",""
"SURVEY","2009","MARKETING YEAR","","STATE","MISSISSIPPI","28","","","","","","","00000000","","CATTLE","CATTLE, COWS - PRICE RECEIVED, MEASURED IN $ / CWT","TOTAL","NOT SPECIFIED","44.8",""
"SURVEY","2009","MARKETING YEAR","","STATE","MISSOURI","29","","","","","","","00000000","","CATTLE","CATTLE, COWS - PRICE RECEIVED, MEASURED IN $ / CWT","TOTAL","NOT SPECIFIED","43.7",""
"SURVEY","2009","MARKETING YEAR","","STATE","MONTANA","30","","","","","","","00000000","","CATTLE","CATTLE, COWS - PRICE RECEIVED, MEASURED IN $ / CWT","TOTAL","NOT SPECIFIED","43.4",""
"SURVEY","2009","MARKETING YEAR","","STATE","NEBRASKA","31","","","","","","","00000000","","CATTLE","CATTLE, COWS - PRICE RECEIVED, MEASURED IN $ / CWT","TOTAL","NOT SPECIFIED","48.6",""
"SURVEY","2009","MARKETING YEAR","","STATE","NEVADA","32","","","","","","","00000000","","CATTLE","CATTLE, COWS - PRICE RECEIVED, MEASURED IN $ / CWT","TOTAL","NOT SPECIFIED","45",""
"SURVEY","2009","MARKETING YEAR","","STATE","NEW HAMPSHIRE","33","","","","","","","00000000","","CATTLE","CATTLE, COWS - PRICE RECEIVED, MEASURED IN $ / CWT","TOTAL","NOT SPECIFIED","39",""
"SURVEY","2009","MARKETING YEAR","","STATE","NEW JERSEY","34","","","","","","","00000000","","CATTLE","CATTLE, COWS - PRICE RECEIVED, MEASURED IN $ / CWT","TOTAL","NOT SPECIFIED","44",""
"SURVEY","2009","MARKETING YEAR","","STATE","NEW MEXICO","35","","","","","","","00000000","","CATTLE","CATTLE, COWS - PRICE RECEIVED, MEASURED IN $ / CWT","TOTAL","NOT SPECIFIED","47.9",""
"SURVEY","2009","MARKETING YEAR","","STATE","NEW YORK","36","","","","","","","00000000","","CATTLE","CATTLE, COWS - PRICE RECEIVED, MEASURED IN $ / CWT","TOTAL","NOT SPECIFIED","47",""
"SURVEY","2009","MARKETING YEAR","","STATE","NORTH CAROLINA","37","","","","","","","00000000","","CATTLE","CATTLE, COWS - PRICE RECEIVED, MEASURED IN $ / CWT","TOTAL","NOT SPECIFIED","47.2",""
"SURVEY","2009","MARKETING YEAR","","STATE","NORTH DAKOTA","38","","","","","","","00000000","","CATTLE","CATTLE, COWS - PRICE RECEIVED, MEASURED IN $ / CWT","TOTAL","NOT SPECIFIED","46.8",""
"SURVEY","2009","MARKETING YEAR","","STATE","OHIO","39","","","","","","","00000000","","CATTLE","CATTLE, COWS - PRICE RECEIVED, MEASURED IN $ / CWT","TOTAL","NOT SPECIFIED","42.2",""
"SURVEY","2009","MARKETING YEAR","","STATE","OKLAHOMA","40","","","","","","","00000000","","CATTLE","CATTLE, COWS - PRICE RECEIVED, MEASURED IN $ / CWT","TOTAL","NOT SPECIFIED","46.4",""
"SURVEY","2009","MARKETING YEAR","","STATE","OREGON","41","","","","","","","00000000","","CATTLE","CATTLE, COWS - PRICE RECEIVED, MEASURED IN $ / CWT","TOTAL","NOT SPECIFIED","45.9",""
"SURVEY","2009","MARKETING YEAR","","STATE","PENNSYLVANIA","42","","","","","","","00000000","","CATTLE","CATTLE, COWS - PRICE RECEIVED, MEASURED IN $ / CWT","TOTAL","NOT SPECIFIED","45.4",""
"SURVEY","2009","MARKETING YEAR","","STATE","RHODE ISLAND","44","","","","","","","00000000","","CATTLE","CATTLE, COWS - PRICE RECEIVED, MEASURED IN $ / CWT","TOTAL","NOT SPECIFIED","41",""
"SURVEY","2009","MARKETING YEAR","","STATE","SOUTH CAROLINA","45","","","","","","","00000000","","CATTLE","CATTLE, COWS - PRICE RECEIVED, MEASURED IN $ / CWT","TOTAL","NOT SPECIFIED","45.7",""
"SURVEY","2009","MARKETING YEAR","","STATE","SOUTH DAKOTA","46","","","","","","","00000000","","CATTLE","CATTLE, COWS - PRICE RECEIVED, MEASURED IN $ / CWT","TOTAL","NOT SPECIFIED","47.4",""
"SURVEY","2009","MARKETING YEAR","","STATE","TENNESSEE","47","","","","","","","00000000","","CATTLE","CATTLE, COWS - PRICE RECEIVED, MEASURED IN $ / CWT","TOTAL","NOT SPECIFIED","42.8",""
"SURVEY","2009","MARKETING YEAR","","STATE","TEXAS","48","","","","","","","00000000","","CATTLE","CATTLE, COWS - PRICE RECEIVED, MEASURED IN $ / CWT","TOTAL","NOT SPECIFIED","41.4",""
"SURVEY","2009","MARKETING YEAR","","STATE","UTAH","49","","","","","","","00000000","","CATTLE","CATTLE, COWS - PRICE RECEIVED, MEASURED IN $ / CWT","TOTAL","NOT SPECIFIED","42",""
"SURVEY","2009","MARKETING YEAR","","STATE","VERMONT","50","","","","","","","00000000","","CATTLE","CATTLE, COWS - PRICE RECEIVED, MEASURED IN $ / CWT","TOTAL","NOT SPECIFIED","40",""
"SURVEY","2009","MARKETING YEAR","","STATE","VIRGINIA","51","","","","","","","00000000","","CATTLE","CATTLE, COWS - PRICE RECEIVED, MEASURED IN $ / CWT","TOTAL","NOT SPECIFIED","43",""
"SURVEY","2009","MARKETING YEAR","","STATE","WASHINGTON","53","","","","","","","00000000","","CATTLE","CATTLE, COWS - PRICE RECEIVED, MEASURED IN $ / CWT","TOTAL","NOT SPECIFIED","43.7",""
"SURVEY","2009","MARKETING YEAR","","STATE","WEST VIRGINIA","54","","","","","","","00000000","","CATTLE","CATTLE, COWS - PRICE RECEIVED, MEASURED IN $ / CWT","TOTAL","NOT SPECIFIED","43.8",""
"SURVEY","2009","MARKETING YEAR","","STATE","WISCONSIN","55","","","","","","","00000000","","CATTLE","CATTLE, COWS - PRICE RECEIVED, MEASURED IN $ / CWT","TOTAL","NOT SPECIFIED","43.7",""
"SURVEY","2009","MARKETING YEAR","","STATE","WYOMING","56","","","","","","","00000000","","CATTLE","CATTLE, COWS - PRICE RECEIVED, MEASURED IN $ / CWT","TOTAL","NOT SPECIFIED","43.3",""
"SURVEY","2008","MARKETING YEAR","","STATE","ALABAMA","01","","","","","","","00000000","","CATTLE","CATTLE, COWS - PRICE RECEIVED, MEASURED IN $ / CWT","TOTAL","NOT SPECIFIED","49.9",""
"SURVEY","2008","MARKETING YEAR","","STATE","ALASKA","02","","","","","","","00000000","","CATTLE","CATTLE, COWS - PRICE RECEIVED, MEASURED IN $ / CWT","TOTAL","NOT SPECIFIED","90",""
"SURVEY","2008","MARKETING YEAR","","STATE","ARIZONA","04","","","","","","","00000000","","CATTLE","CATTLE, COWS - PRICE RECEIVED, MEASURED IN $ / CWT","TOTAL","NOT SPECIFIED","52.3",""
"SURVEY","2008","MARKETING YEAR","","STATE","ARKANSAS","05","","","","","","","00000000","","CATTLE","CATTLE, COWS - PRICE RECEIVED, MEASURED IN $ / CWT","TOTAL","NOT SPECIFIED","48.7",""
"SURVEY","2008","MARKETING YEAR","","STATE","CALIFORNIA","06","","","","","","","00000000","","CATTLE","CATTLE, COWS - PRICE RECEIVED, MEASURED IN $ / CWT","TOTAL","NOT SPECIFIED","43.7",""
"SURVEY","2008","MARKETING YEAR","","STATE","COLORADO","08","","","","","","","00000000","","CATTLE","CATTLE, COWS - PRICE RECEIVED, MEASURED IN $ / CWT","TOTAL","NOT SPECIFIED","51.4",""
"SURVEY","2008","MARKETING YEAR","","STATE","CONNECTICUT","09","","","","","","","00000000","","CATTLE","CATTLE, COWS - PRICE RECEIVED, MEASURED IN $ / CWT","TOTAL","NOT SPECIFIED","46",""
"SURVEY","2008","MARKETING YEAR","","STATE","DELAWARE","10","","","","","","","00000000","","CATTLE","CATTLE, COWS - PRICE RECEIVED, MEASURED IN $ / CWT","TOTAL","NOT SPECIFIED","55",""
"SURVEY","2008","MARKETING YEAR","","STATE","FLORIDA","12","","","","","","","00000000","","CATTLE","CATTLE, COWS - PRICE RECEIVED, MEASURED IN $ / CWT","TOTAL","NOT SPECIFIED","52.1",""
"SURVEY","2008","MARKETING YEAR","","STATE","GEORGIA","13","","","","","","","00000000","","CATTLE","CATTLE, COWS - PRICE RECEIVED, MEASURED IN $ / CWT","TOTAL","NOT SPECIFIED","54.3",""
"SURVEY","2008","MARKETING YEAR","","STATE","HAWAII","15","","","","","","","00000000","","CATTLE","CATTLE, COWS - PRICE RECEIVED, MEASURED IN $ / CWT","TOTAL","NOT SPECIFIED","29.2",""
"SURVEY","2008","MARKETING YEAR","","STATE","IDAHO","16","","","","","","","00000000","","CATTLE","CATTLE, COWS - PRICE RECEIVED, MEASURED IN $ / CWT","TOTAL","NOT SPECIFIED","49",""
"SURVEY","2008","MARKETING YEAR","","STATE","ILLINOIS","17","","","","","","","00000000","","CATTLE","CATTLE, COWS - PRICE RECEIVED, MEASURED IN $ / CWT","TOTAL","NOT SPECIFIED","52.8",""
"SURVEY","2008","MARKETING YEAR","","STATE","INDIANA","18","","","","","","","00000000","","CATTLE","CATTLE, COWS - PRICE RECEIVED, MEASURED IN $ / CWT","TOTAL","NOT SPECIFIED","50.7",""
"SURVEY","2008","MARKETING YEAR","","STATE","IOWA","19","","","","","","","00000000","","CATTLE","CATTLE, COWS - PRICE RECEIVED, MEASURED IN $ / CWT","TOTAL","NOT SPECIFIED","52.2",""
"SURVEY","2008","MARKETING YEAR","","STATE","KANSAS","20","","","","","","","00000000","","CATTLE","CATTLE, COWS - PRICE RECEIVED, MEASURED IN $ / CWT","TOTAL","NOT SPECIFIED","51.8",""
"SURVEY","2008","MARKETING YEAR","","STATE","KENTUCKY","21","","","","","","","00000000","","CATTLE","CATTLE, COWS - PRICE RECEIVED, MEASURED IN $ / CWT","TOTAL","NOT SPECIFIED","50.5",""
"SURVEY","2008","MARKETING YEAR","","STATE","LOUISIANA","22","","","","","","","00000000","","CATTLE","CATTLE, COWS - PRICE RECEIVED, MEASURED IN $ / CWT","TOTAL","NOT SPECIFIED","50.3",""
"SURVEY","2008","MARKETING YEAR","","STATE","MAINE","23","","","","","","","00000000","","CATTLE","CATTLE, COWS - PRICE RECEIVED, MEASURED IN $ / CWT","TOTAL","NOT SPECIFIED","46",""
"SURVEY","2008","MARKETING YEAR","","STATE","MARYLAND","24","","","","","","","00000000","","CATTLE","CATTLE, COWS - PRICE RECEIVED, MEASURED IN $ / CWT","TOTAL","NOT SPECIFIED","55.7",""
"SURVEY","2008","MARKETING YEAR","","STATE","MASSACHUSETTS","25","","","","","","","00000000","","CATTLE","CATTLE, COWS - PRICE RECEIVED, MEASURED IN $ / CWT","TOTAL","NOT SPECIFIED","46",""
"SURVEY","2008","MARKETING YEAR","","STATE","MICHIGAN","26","","","","","","","00000000","","CATTLE","CATTLE, COWS - PRICE RECEIVED, MEASURED IN $ / CWT","TOTAL","NOT SPECIFIED","52",""
"SURVEY","2008","MARKETING YEAR","","STATE","MINNESOTA","27","","","","","","","00000000","","CATTLE","CATTLE, COWS - PRICE RECEIVED, MEASURED IN $ / CWT","TOTAL","NOT SPECIFIED","54.6",""
"SURVEY","2008","MARKETING YEAR","","STATE","MISSISSIPPI","28","","","","","","","00000000","","CATTLE","CATTLE, COWS - PRICE RECEIVED, MEASURED IN $ / CWT","TOTAL","NOT SPECIFIED","49.5",""
"SURVEY","2008","MARKETING YEAR","","STATE","MISSOURI","29","","","","","","","00000000","","CATTLE","CATTLE, COWS - PRICE RECEIVED, MEASURED IN $ / CWT","TOTAL","NOT SPECIFIED","49.4",""
"SURVEY","2008","MARKETING YEAR","","STATE","MONTANA","30","","","","","","","00000000","","CATTLE","CATTLE, COWS - PRICE RECEIVED, MEASURED IN $ / CWT","TOTAL","NOT SPECIFIED","47.7",""
"SURVEY","2008","MARKETING YEAR","","STATE","NEBRASKA","31","","","","","","","00000000","","CATTLE","CATTLE, COWS - PRICE RECEIVED, MEASURED IN $ / CWT","TOTAL","NOT SPECIFIED","54.2",""
"SURVEY","2008","MARKETING YEAR","","STATE","NEVADA","32","","","","","","","00000000","","CATTLE","CATTLE, COWS - PRICE RECEIVED, MEASURED IN $ / CWT","TOTAL","NOT SPECIFIED","46",""
"SURVEY","2008","MARKETING YEAR","","STATE","NEW HAMPSHIRE","33","","","","","","","00000000","","CATTLE","CATTLE, COWS - PRICE RECEIVED, MEASURED IN $ / CWT","TOTAL","NOT SPECIFIED","46",""
"SURVEY","2008","MARKETING YEAR","","STATE","NEW JERSEY","34","","","","","","","00000000","","CATTLE","CATTLE, COWS - PRICE RECEIVED, MEASURED IN $ / CWT","TOTAL","NOT SPECIFIED","52",""
"SURVEY","2008","MARKETING YEAR","","STATE","NEW MEXICO","35","","","","","","","00000000","","CATTLE","CATTLE, COWS - PRICE RECEIVED, MEASURED IN $ / CWT","TOTAL","NOT SPECIFIED","54.1",""
"SURVEY","2008","MARKETING YEAR","","STATE","NEW YORK","36","","","","","","","00000000","","CATTLE","CATTLE, COWS - PRICE RECEIVED, MEASURED IN $ / CWT","TOTAL","NOT SPECIFIED","47.5",""
"SURVEY","2008","MARKETING YEAR","","STATE","NORTH CAROLINA","37","","","","","","","00000000","","CATTLE","CATTLE, COWS - PRICE RECEIVED, MEASURED IN $ / CWT","TOTAL","NOT SPECIFIED","53.5",""
"SURVEY","2008","MARKETING YEAR","","STATE","NORTH DAKOTA","38","","","","","","","00000000","","CATTLE","CATTLE, COWS - PRICE RECEIVED, MEASURED IN $ / CWT","TOTAL","NOT SPECIFIED","50.8",""
"SURVEY","2008","MARKETING YEAR","","STATE","OHIO","39","","","","","","","00000000","","CATTLE","CATTLE, COWS - PRICE RECEIVED, MEASURED IN $ / CWT","TOTAL","NOT SPECIFIED","48.6",""
"SURVEY","2008","MARKETING YEAR","","STATE","OKLAHOMA","40","","","","","","","00000000","","CATTLE","CATTLE, COWS - PRICE RECEIVED, MEASURED IN $ / CWT","TOTAL","NOT SPECIFIED","53.2",""
"SURVEY","2008","MARKETING YEAR","","STATE","OREGON","41","","","","","","","00000000","","CATTLE","CATTLE, COWS - PRICE RECEIVED, MEASURED IN $ / CWT","TOTAL","NOT SPECIFIED","46.8",""
"SURVEY","2008","MARKETING YEAR","","STATE","PENNSYLVANIA","42","","","","","","","00000000","","CATTLE","CATTLE, COWS - PRICE RECEIVED, MEASURED IN $ / CWT","TOTAL","NOT SPECIFIED","52.7",""
"SURVEY","2008","MARKETING YEAR","","STATE","RHODE ISLAND","44","","","","","","","00000000","","CATTLE","CATTLE, COWS - PRICE RECEIVED, MEASURED IN $ / CWT","TOTAL","NOT SPECIFIED","48",""
"SURVEY","2008","MARKETING YEAR","","STATE","SOUTH CAROLINA","45","","","","","","","00000000","","CATTLE","CATTLE, COWS - PRICE RECEIVED, MEASURED IN $ / CWT","TOTAL","NOT SPECIFIED","50.7",""
"SURVEY","2008","MARKETING YEAR","","STATE","SOUTH DAKOTA","46","","","","","","","00000000","","CATTLE","CATTLE, COWS - PRICE RECEIVED, MEASURED IN $ / CWT","TOTAL","NOT SPECIFIED","52.9",""
"SURVEY","2008","MARKETING YEAR","","STATE","TENNESSEE","47","","","","","","","00000000","","CATTLE","CATTLE, COWS - PRICE RECEIVED, MEASURED IN $ / CWT","TOTAL","NOT SPECIFIED","49.9",""
"SURVEY","2008","MARKETING YEAR","","STATE","TEXAS","48","","","","","","","00000000","","CATTLE","CATTLE, COWS - PRICE RECEIVED, MEASURED IN $ / CWT","TOTAL","NOT SPECIFIED","47.9",""
"SURVEY","2008","MARKETING YEAR","","STATE","UTAH","49","","","","","","","00000000","","CATTLE","CATTLE, COWS - PRICE RECEIVED, MEASURED IN $ / CWT","TOTAL","NOT SPECIFIED","43",""
"SURVEY","2008","MARKETING YEAR","","STATE","VERMONT","50","","","","","","","00000000","","CATTLE","CATTLE, COWS - PRICE RECEIVED, MEASURED IN $ / CWT","TOTAL","NOT SPECIFIED","47",""
"SURVEY","2008","MARKETING YEAR","","STATE","VIRGINIA","51","","","","","","","00000000","","CATTLE","CATTLE, COWS - PRICE RECEIVED, MEASURED IN $ / CWT","TOTAL","NOT SPECIFIED","49.8",""
"SURVEY","2008","MARKETING YEAR","","STATE","WASHINGTON","53","","","","","","","00000000","","CATTLE","CATTLE, COWS - PRICE RECEIVED, MEASURED IN $ / CWT","TOTAL","NOT SPECIFIED","46.6",""
"SURVEY","2008","MARKETING YEAR","","STATE","WEST VIRGINIA","54","","","","","","","00000000","","CATTLE","CATTLE, COWS - PRICE RECEIVED, MEASURED IN $ / CWT","TOTAL","NOT SPECIFIED","49.4",""
"SURVEY","2008","MARKETING YEAR","","STATE","WISCONSIN","55","","","","","","","00000000","","CATTLE","CATTLE, COWS - PRICE RECEIVED, MEASURED IN $ / CWT","TOTAL","NOT SPECIFIED","50.7",""
"SURVEY","2008","MARKETING YEAR","","STATE","WYOMING","56","","","","","","","00000000","","CATTLE","CATTLE, COWS - PRICE RECEIVED, MEASURED IN $ / CWT","TOTAL","NOT SPECIFIED","47.5",""
"SURVEY","2007","MARKETING YEAR","","STATE","ALABAMA","01","","","","","","","00000000","","CATTLE","CATTLE, COWS - PRICE RECEIVED, MEASURED IN $ / CWT","TOTAL","NOT SPECIFIED","44.9",""
"SURVEY","2007","MARKETING YEAR","","STATE","ALASKA","02","","","","","","","00000000","","CATTLE","CATTLE, COWS - PRICE RECEIVED, MEASURED IN $ / CWT","TOTAL","NOT SPECIFIED","90",""
"SURVEY","2007","MARKETING YEAR","","STATE","ARIZONA","04","","","","","","","00000000","","CATTLE","CATTLE, COWS - PRICE RECEIVED, MEASURED IN $ / CWT","TOTAL","NOT SPECIFIED","48.5",""
"SURVEY","2007","MARKETING YEAR","","STATE","ARKANSAS","05","","","","","","","00000000","","CATTLE","CATTLE, COWS - PRICE RECEIVED, MEASURED IN $ / CWT","TOTAL","NOT SPECIFIED","46.3",""
"SURVEY","2007","MARKETING YEAR","","STATE","CALIFORNIA","06","","","","","","","00000000","","CATTLE","CATTLE, COWS - PRICE RECEIVED, MEASURED IN $ / CWT","TOTAL","NOT SPECIFIED","44.3",""
"SURVEY","2007","MARKETING YEAR","","STATE","COLORADO","08","","","","","","","00000000","","CATTLE","CATTLE, COWS - PRICE RECEIVED, MEASURED IN $ / CWT","TOTAL","NOT SPECIFIED","49.6",""
"SURVEY","2007","MARKETING YEAR","","STATE","CONNECTICUT","09","","","","","","","00000000","","CATTLE","CATTLE, COWS - PRICE RECEIVED, MEASURED IN $ / CWT","TOTAL","NOT SPECIFIED","47",""
"SURVEY","2007","MARKETING YEAR","","STATE","DELAWARE","10","","","","","","","00000000","","CATTLE","CATTLE, COWS - PRICE RECEIVED, MEASURED IN $ / CWT","TOTAL","NOT SPECIFIED","48.6",""
"SURVEY","2007","MARKETING YEAR","","STATE","FLORIDA","12","","","","","","","00000000","","CATTLE","CATTLE, COWS - PRICE RECEIVED, MEASURED IN $ / CWT","TOTAL","NOT SPECIFIED","48.4",""
"SURVEY","2007","MARKETING YEAR","","STATE","GEORGIA","13","","","","","","","00000000","","CATTLE","CATTLE, COWS - PRICE RECEIVED, MEASURED IN $ / CWT","TOTAL","NOT SPECIFIED","48.8",""
"SURVEY","2007","MARKETING YEAR","","STATE","HAWAII","15","","","","","","","00000000","","CATTLE","CATTLE, COWS - PRICE RECEIVED, MEASURED IN $ / CWT","TOTAL","NOT SPECIFIED","29.2",""
"SURVEY","2007","MARKETING YEAR","","STATE","IDAHO","16","","","","","","","00000000","","CATTLE","CATTLE, COWS - PRICE RECEIVED, MEASURED IN $ / CWT","TOTAL","NOT SPECIFIED","46.5",""
"SURVEY","2007","MARKETING YEAR","","STATE","ILLINOIS","17","","","","","","","00000000","","CATTLE","CATTLE, COWS - PRICE RECEIVED, MEASURED IN $ / CWT","TOTAL","NOT SPECIFIED","49.4",""
"SURVEY","2007","MARKETING YEAR","","STATE","INDIANA","18","","","","","","","00000000","","CATTLE","CATTLE, COWS - PRICE RECEIVED, MEASURED IN $ / CWT","TOTAL","NOT SPECIFIED","49.4",""
"SURVEY","2007","MARKETING YEAR","","STATE","IOWA","19","","","","","","","00000000","","CATTLE","CATTLE, COWS - PRICE RECEIVED, MEASURED IN $ / CWT","TOTAL","NOT SPECIFIED","50.5",""
"SURVEY","2007","MARKETING YEAR","","STATE","KANSAS","20","","","","","","","00000000","","CATTLE","CATTLE, COWS - PRICE RECEIVED, MEASURED IN $ / CWT","TOTAL","NOT SPECIFIED","49.6",""
"SURVEY","2007","MARKETING YEAR","","STATE","KENTUCKY","21","","","","","","","00000000","","CATTLE","CATTLE, COWS - PRICE RECEIVED, MEASURED IN $ / CWT","TOTAL","NOT SPECIFIED","45.3",""
"SURVEY","2007","MARKETING YEAR","","STATE","LOUISIANA","22","","","","","","","00000000","","CATTLE","CATTLE, COWS - PRICE RECEIVED, MEASURED IN $ / CWT","TOTAL","NOT SPECIFIED","47",""
"SURVEY","2007","MARKETING YEAR","","STATE","MAINE","23","","","","","","","00000000","","CATTLE","CATTLE, COWS - PRICE RECEIVED, MEASURED IN $ / CWT","TOTAL","NOT SPECIFIED","47",""
"SURVEY","2007","MARKETING YEAR","","STATE","MARYLAND","24","","","","","","","00000000","","CATTLE","CATTLE, COWS - PRICE RECEIVED, MEASURED IN $ / CWT","TOTAL","NOT SPECIFIED","48.6",""
"SURVEY","2007","MARKETING YEAR","","STATE","MASSACHUSETTS","25","","","","","","","00000000","","CATTLE","CATTLE, COWS - PRICE RECEIVED, MEASURED IN $ / CWT","TOTAL","NOT SPECIFIED","47",""
"SURVEY","2007","MARKETING YEAR","","STATE","MICHIGAN","26","","","","","","","00000000","","CATTLE","CATTLE, COWS - PRICE RECEIVED, MEASURED IN $ / CWT","TOTAL","NOT SPECIFIED","49.3",""
"SURVEY","2007","MARKETING YEAR","","STATE","MINNESOTA","27","","","","","","","00000000","","CATTLE","CATTLE, COWS - PRICE RECEIVED, MEASURED IN $ / CWT","TOTAL","NOT SPECIFIED","50.2",""
"SURVEY","2007","MARKETING YEAR","","STATE","MISSISSIPPI","28","","","","","","","00000000","","CATTLE","CATTLE, COWS - PRICE RECEIVED, MEASURED IN $ / CWT","TOTAL","NOT SPECIFIED","48.4",""
"SURVEY","2007","MARKETING YEAR","","STATE","MISSOURI","29","","","","","","","00000000","","CATTLE","CATTLE, COWS - PRICE RECEIVED, MEASURED IN $ / CWT","TOTAL","NOT SPECIFIED","47.5",""
"SURVEY","2007","MARKETING YEAR","","STATE","MONTANA","30","","","","","","","00000000","","CATTLE","CATTLE, COWS - PRICE RECEIVED, MEASURED IN $ / CWT","TOTAL","NOT SPECIFIED","47.7",""
"SURVEY","2007","MARKETING YEAR","","STATE","NEBRASKA","31","","","","","","","00000000","","CATTLE","CATTLE, COWS - PRICE RECEIVED, MEASURED IN $ / CWT","TOTAL","NOT SPECIFIED","49.9",""
"SURVEY","2007","MARKETING YEAR","","STATE","NEVADA","32","","","","","","","00000000","","CATTLE","CATTLE, COWS - PRICE RECEIVED, MEASURED IN $ / CWT","TOTAL","NOT SPECIFIED","42.3",""
"SURVEY","2007","MARKETING YEAR","","STATE","NEW HAMPSHIRE","33","","","","","","","00000000","","CATTLE","CATTLE, COWS - PRICE RECEIVED, MEASURED IN $ / CWT","TOTAL","NOT SPECIFIED","46",""
"SURVEY","2007","MARKETING YEAR","","STATE","NEW JERSEY","34","","","","","","","00000000","","CATTLE","CATTLE, COWS - PRICE RECEIVED, MEASURED IN $ / CWT","TOTAL","NOT SPECIFIED","47",""
"SURVEY","2007","MARKETING YEAR","","STATE","NEW MEXICO","35","","","","","","","00000000","","CATTLE","CATTLE, COWS - PRICE RECEIVED, MEASURED IN $ / CWT","TOTAL","NOT SPECIFIED","49.4",""
"SURVEY","2007","MARKETING YEAR","","STATE","NEW YORK","36","","","","","","","00000000","","CATTLE","CATTLE, COWS - PRICE RECEIVED, MEASURED IN $ / CWT","TOTAL","NOT SPECIFIED","44.4",""
"SURVEY","2007","MARKETING YEAR","","STATE","NORTH CAROLINA","37","","","","","","","00000000","","CATTLE","CATTLE, COWS - PRICE RECEIVED, MEASURED IN $ / CWT","TOTAL","NOT SPECIFIED","47.9",""
"SURVEY","2007","MARKETING YEAR","","STATE","NORTH DAKOTA","38","","","","","","","00000000","","CATTLE","CATTLE, COWS - PRICE RECEIVED, MEASURED IN $ / CWT","TOTAL","NOT SPECIFIED","47.4",""
"SURVEY","2007","MARKETING YEAR","","STATE","OHIO","39","","","","","","","00000000","","CATTLE","CATTLE, COWS - PRICE RECEIVED, MEASURED IN $ / CWT","TOTAL","NOT SPECIFIED","46.1",""
"SURVEY","2007","MARKETING YEAR","","STATE","OKLAHOMA","40","","","","","","","00000000","","CATTLE","CATTLE, COWS - PRICE RECEIVED, MEASURED IN $ / CWT","TOTAL","NOT SPECIFIED","48.8",""
"SURVEY","2007","MARKETING YEAR","","STATE","OREGON","41","","","","","","","00000000","","CATTLE","CATTLE, COWS - PRICE RECEIVED, MEASURED IN $ / CWT","TOTAL","NOT SPECIFIED","46.5",""
"SURVEY","2007","MARKETING YEAR","","STATE","PENNSYLVANIA","42","","","","","","","00000000","","CATTLE","CATTLE, COWS - PRICE RECEIVED, MEASURED IN $ / CWT","TOTAL","NOT SPECIFIED","48.4",""
"SURVEY","2007","MARKETING YEAR","","STATE","RHODE ISLAND","44","","","","","","","00000000","","CATTLE","CATTLE, COWS - PRICE RECEIVED, MEASURED IN $ / CWT","TOTAL","NOT SPECIFIED","46",""
"SURVEY","2007","MARKETING YEAR","","STATE","SOUTH CAROLINA","45","","","","","","","00000000","","CATTLE","CATTLE, COWS - PRICE RECEIVED, MEASURED IN $ / CWT","TOTAL","NOT SPECIFIED","46.8",""
"SURVEY","2007","MARKETING YEAR","","STATE","SOUTH DAKOTA","46","","","","","","","00000000","","CATTLE","CATTLE, COWS - PRICE RECEIVED, MEASURED IN $ / CWT","TOTAL","NOT SPECIFIED","48.2",""
"SURVEY","2007","MARKETING YEAR","","STATE","TENNESSEE","47","","","","","","","00000000","","CATTLE","CATTLE, COWS - PRICE RECEIVED, MEASURED IN $ / CWT","TOTAL","NOT SPECIFIED","45.3",""
"SURVEY","2007","MARKETING YEAR","","STATE","TEXAS","48","","","","","","","00000000","","CATTLE","CATTLE, COWS - PRICE RECEIVED, MEASURED IN $ / CWT","TOTAL","NOT SPECIFIED","46.6",""
"SURVEY","2007","MARKETING YEAR","","STATE","UTAH","49","","","","","","","00000000","","CATTLE","CATTLE, COWS - PRICE RECEIVED, MEASURED IN $ / CWT","TOTAL","NOT SPECIFIED","42",""
"SURVEY","2007","MARKETING YEAR","","STATE","VERMONT","50","","","","","","","00000000","","CATTLE","CATTLE, COWS - PRICE RECEIVED, MEASURED IN $ / CWT","TOTAL","NOT SPECIFIED","47",""
"SURVEY","2007","MARKETING YEAR","","STATE","VIRGINIA","51","","","","","","","00000000","","CATTLE","CATTLE, COWS - PRICE RECEIVED, MEASURED IN $ / CWT","TOTAL","NOT SPECIFIED","44.4",""
"SURVEY","2007","MARKETING YEAR","","STATE","WASHINGTON","53","","","","","","","00000000","","CATTLE","CATTLE, COWS - PRICE RECEIVED, MEASURED IN $ / CWT","TOTAL","NOT SPECIFIED","47.9",""
"SURVEY","2007","MARKETING YEAR","","STATE","WEST VIRGINIA","54","","","","","","","00000000","","CATTLE","CATTLE, COWS - PRICE RECEIVED, MEASURED IN $ / CWT","TOTAL","NOT SPECIFIED","45.6",""
"SURVEY","2007","MARKETING YEAR","","STATE","WISCONSIN","55","","","","","","","00000000","","CATTLE","CATTLE, COWS - PRICE RECEIVED, MEASURED IN $ / CWT","TOTAL","NOT SPECIFIED","48.6",""
"SURVEY","2007","MARKETING YEAR","","STATE","WYOMING","56","","","","","","","00000000","","CATTLE","CATTLE, COWS - PRICE RECEIVED, MEASURED IN $ / CWT","TOTAL","NOT SPECIFIED","47",""
"SURVEY","2006","MARKETING YEAR","","STATE","ALABAMA","01","","","","","","","00000000","","CATTLE","CATTLE, COWS - PRICE RECEIVED, MEASURED IN $ / CWT","TOTAL","NOT SPECIFIED","44.2",""
"SURVEY","2006","MARKETING YEAR","","STATE","ALASKA","02","","","","","","","00000000","","CATTLE","CATTLE, COWS - PRICE RECEIVED, MEASURED IN $ / CWT","TOTAL","NOT SPECIFIED","90",""
"SURVEY","2006","MARKETING YEAR","","STATE","ARIZONA","04","","","","","","","00000000","","CATTLE","CATTLE, COWS - PRICE RECEIVED, MEASURED IN $ / CWT","TOTAL","NOT SPECIFIED","45.4",""
"SURVEY","2006","MARKETING YEAR","","STATE","ARKANSAS","05","","","","","","","00000000","","CATTLE","CATTLE, COWS - PRICE RECEIVED, MEASURED IN $ / CWT","TOTAL","NOT SPECIFIED","43.6",""
"SURVEY","2006","MARKETING YEAR","","STATE","CALIFORNIA","06","","","","","","","00000000","","CATTLE","CATTLE, COWS - PRICE RECEIVED, MEASURED IN $ / CWT","TOTAL","NOT SPECIFIED","44.2",""
"SURVEY","2006","MARKETING YEAR","","STATE","COLORADO","08","","","","","","","00000000","","CATTLE","CATTLE, COWS - PRICE RECEIVED, MEASURED IN $ / CWT","TOTAL","NOT SPECIFIED","48.4",""
"SURVEY","2006","MARKETING YEAR","","STATE","CONNECTICUT","09","","","","","","","00000000","","CATTLE","CATTLE, COWS - PRICE RECEIVED, MEASURED IN $ / CWT","TOTAL","NOT SPECIFIED","47",""
"SURVEY","2006","MARKETING YEAR","","STATE","DELAWARE","10","","","","","","","00000000","","CATTLE","CATTLE, COWS - PRICE RECEIVED, MEASURED IN $ / CWT","TOTAL","NOT SPECIFIED","46.5",""
"SURVEY","2006","MARKETING YEAR","","STATE","FLORIDA","12","","","","","","","00000000","","CATTLE","CATTLE, COWS - PRICE RECEIVED, MEASURED IN $ / CWT","TOTAL","NOT SPECIFIED","46.5",""
"SURVEY","2006","MARKETING YEAR","","STATE","GEORGIA","13","","","","","","","00000000","","CATTLE","CATTLE, COWS - PRICE RECEIVED, MEASURED IN $ / CWT","TOTAL","NOT SPECIFIED","47.7",""
"SURVEY","2006","MARKETING YEAR","","STATE","HAWAII","15","","","","","","","00000000","","CATTLE","CATTLE, COWS - PRICE RECEIVED, MEASURED IN $ / CWT","TOTAL","NOT SPECIFIED","29.2",""
"SURVEY","2006","MARKETING YEAR","","STATE","IDAHO","16","","","","","","","00000000","","CATTLE","CATTLE, COWS - PRICE RECEIVED, MEASURED IN $ / CWT","TOTAL","NOT SPECIFIED","44.8",""
"SURVEY","2006","MARKETING YEAR","","STATE","ILLINOIS","17","","","","","","","00000000","","CATTLE","CATTLE, COWS - PRICE RECEIVED, MEASURED IN $ / CWT","TOTAL","NOT SPECIFIED","47.5",""
"SURVEY","2006","MARKETING YEAR","","STATE","INDIANA","18","","","","","","","00000000","","CATTLE","CATTLE, COWS - PRICE RECEIVED, MEASURED IN $ / CWT","TOTAL","NOT SPECIFIED","48.3",""
"SURVEY","2006","MARKETING YEAR","","STATE","IOWA","19","","","","","","","00000000","","CATTLE","CATTLE, COWS - PRICE RECEIVED, MEASURED IN $ / CWT","TOTAL","NOT SPECIFIED","49.6",""
"SURVEY","2006","MARKETING YEAR","","STATE","KANSAS","20","","","","","","","00000000","","CATTLE","CATTLE, COWS - PRICE RECEIVED, MEASURED IN $ / CWT","TOTAL","NOT SPECIFIED","47.2",""
"SURVEY","2006","MARKETING YEAR","","STATE","KENTUCKY","21","","","","","","","00000000","","CATTLE","CATTLE, COWS - PRICE RECEIVED, MEASURED IN $ / CWT","TOTAL","NOT SPECIFIED","46",""
"SURVEY","2006","MARKETING YEAR","","STATE","LOUISIANA","22","","","","","","","00000000","","CATTLE","CATTLE, COWS - PRICE RECEIVED, MEASURED IN $ / CWT","TOTAL","NOT SPECIFIED","45.4",""
"SURVEY","2006","MARKETING YEAR","","STATE","MAINE","23","","","","","","","00000000","","CATTLE","CATTLE, COWS - PRICE RECEIVED, MEASURED IN $ / CWT","TOTAL","NOT SPECIFIED","49",""
"SURVEY","2006","MARKETING YEAR","","STATE","MARYLAND","24","","","","","","","00000000","","CATTLE","CATTLE, COWS - PRICE RECEIVED, MEASURED IN $ / CWT","TOTAL","NOT SPECIFIED","46.5",""
"SURVEY","2006","MARKETING YEAR","","STATE","MASSACHUSETTS","25","","","","","","","00000000","","CATTLE","CATTLE, COWS - PRICE RECEIVED, MEASURED IN $ / CWT","TOTAL","NOT SPECIFIED","46",""
"SURVEY","2006","MARKETING YEAR","","STATE","MICHIGAN","26","","","","","","","00000000","","CATTLE","CATTLE, COWS - PRICE RECEIVED, MEASURED IN $ / CWT","TOTAL","NOT SPECIFIED","49.1",""
"SURVEY","2006","MARKETING YEAR","","STATE","MINNESOTA","27","","","","","","","00000000","","CATTLE","CATTLE, COWS - PRICE RECEIVED, MEASURED IN $ / CWT","TOTAL","NOT SPECIFIED","50.4",""
"SURVEY","2006","MARKETING YEAR","","STATE","MISSISSIPPI","28","","","","","","","00000000","","CATTLE","CATTLE, COWS - PRICE RECEIVED, MEASURED IN $ / CWT","TOTAL","NOT SPECIFIED","45",""
"SURVEY","2006","MARKETING YEAR","","STATE","MISSOURI","29","","","","","","","00000000","","CATTLE","CATTLE, COWS - PRICE RECEIVED, MEASURED IN $ / CWT","TOTAL","NOT SPECIFIED","47",""
"SURVEY","2006","MARKETING YEAR","","STATE","MONTANA","30","","","","","","","00000000","","CATTLE","CATTLE, COWS - PRICE RECEIVED, MEASURED IN $ / CWT","TOTAL","NOT SPECIFIED","47.7",""
"SURVEY","2006","MARKETING YEAR","","STATE","NEBRASKA","31","","","","","","","00000000","","CATTLE","CATTLE, COWS - PRICE RECEIVED, MEASURED IN $ / CWT","TOTAL","NOT SPECIFIED","47.8",""
"SURVEY","2006","MARKETING YEAR","","STATE","NEVADA","32","","","","","","","00000000","","CATTLE","CATTLE, COWS - PRICE RECEIVED, MEASURED IN $ / CWT","TOTAL","NOT SPECIFIED","45.3",""
"SURVEY","2006","MARKETING YEAR","","STATE","NEW HAMPSHIRE","33","","","","","","","00000000","","CATTLE","CATTLE, COWS - PRICE RECEIVED, MEASURED IN $ / CWT","TOTAL","NOT SPECIFIED","47",""
"SURVEY","2006","MARKETING YEAR","","STATE","NEW JERSEY","34","","","","","","","00000000","","CATTLE","CATTLE, COWS - PRICE RECEIVED, MEASURED IN $ / CWT","TOTAL","NOT SPECIFIED","48",""
"SURVEY","2006","MARKETING YEAR","","STATE","NEW MEXICO","35","","","","","","","00000000","","CATTLE","CATTLE, COWS - PRICE RECEIVED, MEASURED IN $ / CWT","TOTAL","NOT SPECIFIED","44.5",""
"SURVEY","2006","MARKETING YEAR","","STATE","NEW YORK","36","","","","","","","00000000","","CATTLE","CATTLE, COWS - PRICE RECEIVED, MEASURED IN $ / CWT","TOTAL","NOT SPECIFIED","42.4",""
"SURVEY","2006","MARKETING YEAR","","STATE","NORTH CAROLINA","37","","","","","","","00000000","","CATTLE","CATTLE, COWS - PRICE RECEIVED, MEASURED IN $ / CWT","TOTAL","NOT SPECIFIED","45.6",""
"SURVEY","2006","MARKETING YEAR","","STATE","NORTH DAKOTA","38","","","","","","","00000000","","CATTLE","CATTLE, COWS - PRICE RECEIVED, MEASURED IN $ / CWT","TOTAL","NOT SPECIFIED","47.8",""
"SURVEY","2006","MARKETING YEAR","","STATE","OHIO","39","","","","","","","00000000","","CATTLE","CATTLE, COWS - PRICE RECEIVED, MEASURED IN $ / CWT","TOTAL","NOT SPECIFIED","45.3",""
"SURVEY","2006","MARKETING YEAR","","STATE","OKLAHOMA","40","","","","","","","00000000","","CATTLE","CATTLE, COWS - PRICE RECEIVED, MEASURED IN $ / CWT","TOTAL","NOT SPECIFIED","46.3",""
"SURVEY","2006","MARKETING YEAR","","STATE","OREGON","41","","","","","","","00000000","","CATTLE","CATTLE, COWS - PRICE RECEIVED, MEASURED IN $ / CWT","TOTAL","NOT SPECIFIED","43.1",""
"SURVEY","2006","MARKETING YEAR","","STATE","PENNSYLVANIA","42","","","","","","","00000000","","CATTLE","CATTLE, COWS - PRICE RECEIVED, MEASURED IN $ / CWT","TOTAL","NOT SPECIFIED","47.1",""
"SURVEY","2006","MARKETING YEAR","","STATE","RHODE ISLAND","44","","","","","","","00000000","","CATTLE","CATTLE, COWS - PRICE RECEIVED, MEASURED IN $ / CWT","TOTAL","NOT SPECIFIED","46",""
"SURVEY","2006","MARKETING YEAR","","STATE","SOUTH CAROLINA","45","","","","","","","00000000","","CATTLE","CATTLE, COWS - PRICE RECEIVED, MEASURED IN $ / CWT","TOTAL","NOT SPECIFIED","48.7",""
"SURVEY","2006","MARKETING YEAR","","STATE","SOUTH DAKOTA","46","","","","","","","00000000","","CATTLE","CATTLE, COWS - PRICE RECEIVED, MEASURED IN $ / CWT","TOTAL","NOT SPECIFIED","47.8",""
"SURVEY","2006","MARKETING YEAR","","STATE","TENNESSEE","47","","","","","","","00000000","","CATTLE","CATTLE, COWS - PRICE RECEIVED, MEASURED IN $ / CWT","TOTAL","NOT SPECIFIED","44.9",""
"SURVEY","2006","MARKETING YEAR","","STATE","TEXAS","48","","","","","","","00000000","","CATTLE","CATTLE, COWS - PRICE RECEIVED, MEASURED IN $ / CWT","TOTAL","NOT SPECIFIED","42.9",""
"SURVEY","2006","MARKETING YEAR","","STATE","UTAH","49","","","","","","","00000000","","CATTLE","CATTLE, COWS - PRICE RECEIVED, MEASURED IN $ / CWT","TOTAL","NOT SPECIFIED","42.1",""
"SURVEY","2006","MARKETING YEAR","","STATE","VERMONT","50","","","","","","","00000000","","CATTLE","CATTLE, COWS - PRICE RECEIVED, MEASURED IN $ / CWT","TOTAL","NOT SPECIFIED","47",""
"SURVEY","2006","MARKETING YEAR","","STATE","VIRGINIA","51","","","","","","","00000000","","CATTLE","CATTLE, COWS - PRICE RECEIVED, MEASURED IN $ / CWT","TOTAL","NOT SPECIFIED","42.4",""
"SURVEY","2006","MARKETING YEAR","","STATE","WASHINGTON","53","","","","","","","00000000","","CATTLE","CATTLE, COWS - PRICE RECEIVED, MEASURED IN $ / CWT","TOTAL","NOT SPECIFIED","47.3",""
"SURVEY","2006","MARKETING YEAR","","STATE","WEST VIRGINIA","54","","","","","","","00000000","","CATTLE","CATTLE, COWS - PRICE RECEIVED, MEASURED IN $ / CWT","TOTAL","NOT SPECIFIED","41.6",""
"SURVEY","2006","MARKETING YEAR","","STATE","WISCONSIN","55","","","","","","","00000000","","CATTLE","CATTLE, COWS - PRICE RECEIVED, MEASURED IN $ / CWT","TOTAL","NOT SPECIFIED","47.9",""
"SURVEY","2006","MARKETING YEAR","","STATE","WYOMING","56","","","","","","","00000000","","CATTLE","CATTLE, COWS - PRICE RECEIVED, MEASURED IN $ / CWT","TOTAL","NOT SPECIFIED","47.2",""
"SURVEY","2005","MARKETING YEAR","","STATE","ALABAMA","01","","","","","","","00000000","","CATTLE","CATTLE, COWS - PRICE RECEIVED, MEASURED IN $ / CWT","TOTAL","NOT SPECIFIED","48",""
"SURVEY","2005","MARKETING YEAR","","STATE","ALASKA","02","","","","","","","00000000","","CATTLE","CATTLE, COWS - PRICE RECEIVED, MEASURED IN $ / CWT","TOTAL","NOT SPECIFIED","85",""
"SURVEY","2005","MARKETING YEAR","","STATE","ARIZONA","04","","","","","","","00000000","","CATTLE","CATTLE, COWS - PRICE RECEIVED, MEASURED IN $ / CWT","TOTAL","NOT SPECIFIED","52.5",""
"SURVEY","2005","MARKETING YEAR","","STATE","ARKANSAS","05","","","","","","","00000000","","CATTLE","CATTLE, COWS - PRICE RECEIVED, MEASURED IN $ / CWT","TOTAL","NOT SPECIFIED","47.7",""
"SURVEY","2005","MARKETING YEAR","","STATE","CALIFORNIA","06","","","","","","","00000000","","CATTLE","CATTLE, COWS - PRICE RECEIVED, MEASURED IN $ / CWT","TOTAL","NOT SPECIFIED","48.5",""
"SURVEY","2005","MARKETING YEAR","","STATE","COLORADO","08","","","","","","","00000000","","CATTLE","CATTLE, COWS - PRICE RECEIVED, MEASURED IN $ / CWT","TOTAL","NOT SPECIFIED","53.5",""
"SURVEY","2005","MARKETING YEAR","","STATE","CONNECTICUT","09","","","","","","","00000000","","CATTLE","CATTLE, COWS - PRICE RECEIVED, MEASURED IN $ / CWT","TOTAL","NOT SPECIFIED","52",""
"SURVEY","2005","MARKETING YEAR","","STATE","DELAWARE","10","","","","","","","00000000","","CATTLE","CATTLE, COWS - PRICE RECEIVED, MEASURED IN $ / CWT","TOTAL","NOT SPECIFIED","54.5",""
"SURVEY","2005","MARKETING YEAR","","STATE","FLORIDA","12","","","","","","","00000000","","CATTLE","CATTLE, COWS - PRICE RECEIVED, MEASURED IN $ / CWT","TOTAL","NOT SPECIFIED","50.4",""
"SURVEY","2005","MARKETING YEAR","","STATE","GEORGIA","13","","","","","","","00000000","","CATTLE","CATTLE, COWS - PRICE RECEIVED, MEASURED IN $ / CWT","TOTAL","NOT SPECIFIED","52.3",""
"SURVEY","2005","MARKETING YEAR","","STATE","HAWAII","15","","","","","","","00000000","","CATTLE","CATTLE, COWS - PRICE RECEIVED, MEASURED IN $ / CWT","TOTAL","NOT SPECIFIED","27.8",""
"SURVEY","2005","MARKETING YEAR","","STATE","IDAHO","16","","","","","","","00000000","","CATTLE","CATTLE, COWS - PRICE RECEIVED, MEASURED IN $ / CWT","TOTAL","NOT SPECIFIED","51.7",""
"SURVEY","2005","MARKETING YEAR","","STATE","ILLINOIS","17","","","","","","","00000000","","CATTLE","CATTLE, COWS - PRICE RECEIVED, MEASURED IN $ / CWT","TOTAL","NOT SPECIFIED","51.5",""
"SURVEY","2005","MARKETING YEAR","","STATE","INDIANA","18","","","","","","","00000000","","CATTLE","CATTLE, COWS - PRICE RECEIVED, MEASURED IN $ / CWT","TOTAL","NOT SPECIFIED","50",""
"SURVEY","2005","MARKETING YEAR","","STATE","IOWA","19","","","","","","","00000000","","CATTLE","CATTLE, COWS - PRICE RECEIVED, MEASURED IN $ / CWT","TOTAL","NOT SPECIFIED","52.4",""
"SURVEY","2005","MARKETING YEAR","","STATE","KANSAS","20","","","","","","","00000000","","CATTLE","CATTLE, COWS - PRICE RECEIVED, MEASURED IN $ / CWT","TOTAL","NOT SPECIFIED","52.5",""
"SURVEY","2005","MARKETING YEAR","","STATE","KENTUCKY","21","","","","","","","00000000","","CATTLE","CATTLE, COWS - PRICE RECEIVED, MEASURED IN $ / CWT","TOTAL","NOT SPECIFIED","49.9",""
"SURVEY","2005","MARKETING YEAR","","STATE","LOUISIANA","22","","","","","","","00000000","","CATTLE","CATTLE, COWS - PRICE RECEIVED, MEASURED IN $ / CWT","TOTAL","NOT SPECIFIED","49.9",""
"SURVEY","2005","MARKETING YEAR","","STATE","MAINE","23","","","","","","","00000000","","CATTLE","CATTLE, COWS - PRICE RECEIVED, MEASURED IN $ / CWT","TOTAL","NOT SPECIFIED","55",""
"SURVEY","2005","MARKETING YEAR","","STATE","MARYLAND","24","","","","","","","00000000","","CATTLE","CATTLE, COWS - PRICE RECEIVED, MEASURED IN $ / CWT","TOTAL","NOT SPECIFIED","54.5",""
"SURVEY","2005","MARKETING YEAR","","STATE","MASSACHUSETTS","25","","","","","","","00000000","","CATTLE","CATTLE, COWS - PRICE RECEIVED, MEASURED IN $ / CWT","TOTAL","NOT SPECIFIED","48",""
"SURVEY","2005","MARKETING YEAR","","STATE","MICHIGAN","26","","","","","","","00000000","","CATTLE","CATTLE, COWS - PRICE RECEIVED, MEASURED IN $ / CWT","TOTAL","NOT SPECIFIED","52.1",""
"SURVEY","2005","MARKETING YEAR","","STATE","MINNESOTA","27","","","","","","","00000000","","CATTLE","CATTLE, COWS - PRICE RECEIVED, MEASURED IN $ / CWT","TOTAL","NOT SPECIFIED","54.5",""
"SURVEY","2005","MARKETING YEAR","","STATE","MISSISSIPPI","28","","","","","","","00000000","","CATTLE","CATTLE, COWS - PRICE RECEIVED, MEASURED IN $ / CWT","TOTAL","NOT SPECIFIED","49",""
"SURVEY","2005","MARKETING YEAR","","STATE","MISSOURI","29","","","","","","","00000000","","CATTLE","CATTLE, COWS - PRICE RECEIVED, MEASURED IN $ / CWT","TOTAL","NOT SPECIFIED","51.6",""
"SURVEY","2005","MARKETING YEAR","","STATE","MONTANA","30","","","","","","","00000000","","CATTLE","CATTLE, COWS - PRICE RECEIVED, MEASURED IN $ / CWT","TOTAL","NOT SPECIFIED","55.1",""
"SURVEY","2005","MARKETING YEAR","","STATE","NEBRASKA","31","","","","","","","00000000","","CATTLE","CATTLE, COWS - PRICE RECEIVED, MEASURED IN $ / CWT","TOTAL","NOT SPECIFIED","54.8",""
"SURVEY","2005","MARKETING YEAR","","STATE","NEVADA","32","","","","","","","00000000","","CATTLE","CATTLE, COWS - PRICE RECEIVED, MEASURED IN $ / CWT","TOTAL","NOT SPECIFIED","51",""
"SURVEY","2005","MARKETING YEAR","","STATE","NEW HAMPSHIRE","33","","","","","","","00000000","","CATTLE","CATTLE, COWS - PRICE RECEIVED, MEASURED IN $ / CWT","TOTAL","NOT SPECIFIED","52",""
"SURVEY","2005","MARKETING YEAR","","STATE","NEW JERSEY","34","","","","","","","00000000","","CATTLE","CATTLE, COWS - PRICE RECEIVED, MEASURED IN $ / CWT","TOTAL","NOT SPECIFIED","50",""
"SURVEY","2005","MARKETING YEAR","","STATE","NEW MEXICO","35","","","","","","","00000000","","CATTLE","CATTLE, COWS - PRICE RECEIVED, MEASURED IN $ / CWT","TOTAL","NOT SPECIFIED","53.3",""
"SURVEY","2005","MARKETING YEAR","","STATE","NEW YORK","36","","","","","","","00000000","","CATTLE","CATTLE, COWS - PRICE RECEIVED, MEASURED IN $ / CWT","TOTAL","NOT SPECIFIED","48",""
"SURVEY","2005","MARKETING YEAR","","STATE","NORTH CAROLINA","37","","","","","","","00000000","","CATTLE","CATTLE, COWS - PRICE RECEIVED, MEASURED IN $ / CWT","TOTAL","NOT SPECIFIED","49.9",""
"SURVEY","2005","MARKETING YEAR","","STATE","NORTH DAKOTA","38","","","","","","","00000000","","CATTLE","CATTLE, COWS - PRICE RECEIVED, MEASURED IN $ / CWT","TOTAL","NOT SPECIFIED","54.3",""
"SURVEY","2005","MARKETING YEAR","","STATE","OHIO","39","","","","","","","00000000","","CATTLE","CATTLE, COWS - PRICE RECEIVED, MEASURED IN $ / CWT","TOTAL","NOT SPECIFIED","47.9",""
"SURVEY","2005","MARKETING YEAR","","STATE","OKLAHOMA","40","","","","","","","00000000","","CATTLE","CATTLE, COWS - PRICE RECEIVED, MEASURED IN $ / CWT","TOTAL","NOT SPECIFIED","52.4",""
"SURVEY","2005","MARKETING YEAR","","STATE","OREGON","41","","","","","","","00000000","","CATTLE","CATTLE, COWS - PRICE RECEIVED, MEASURED IN $ / CWT","TOTAL","NOT SPECIFIED","48.3",""
"SURVEY","2005","MARKETING YEAR","","STATE","PENNSYLVANIA","42","","","","","","","00000000","","CATTLE","CATTLE, COWS - PRICE RECEIVED, MEASURED IN $ / CWT","TOTAL","NOT SPECIFIED","51",""
"SURVEY","2005","MARKETING YEAR","","STATE","RHODE ISLAND","44","","","","","","","00000000","","CATTLE","CATTLE, COWS - PRICE RECEIVED, MEASURED IN $ / CWT","TOTAL","NOT SPECIFIED","48",""
"SURVEY","2005","MARKETING YEAR","","STATE","SOUTH CAROLINA","45","","","","","","","00000000","","CATTLE","CATTLE, COWS - PRICE RECEIVED, MEASURED IN $ / CWT","TOTAL","NOT SPECIFIED","52.5",""
"SURVEY","2005","MARKETING YEAR","","STATE","SOUTH DAKOTA","46","","","","","","","00000000","","CATTLE","CATTLE, COWS - PRICE RECEIVED, MEASURED IN $ / CWT","TOTAL","NOT SPECIFIED","54",""
"SURVEY","2005","MARKETING YEAR","","STATE","TENNESSEE","47","","","","","","","00000000","","CATTLE","CATTLE, COWS - PRICE RECEIVED, MEASURED IN $ / CWT","TOTAL","NOT SPECIFIED","49",""
"SURVEY","2005","MARKETING YEAR","","STATE","TEXAS","48","","","","","","","00000000","","CATTLE","CATTLE, COWS - PRICE RECEIVED, MEASURED IN $ / CWT","TOTAL","NOT SPECIFIED","49.8",""
"SURVEY","2005","MARKETING YEAR","","STATE","UTAH","49","","","","","","","00000000","","CATTLE","CATTLE, COWS - PRICE RECEIVED, MEASURED IN $ / CWT","TOTAL","NOT SPECIFIED","48",""
"SURVEY","2005","MARKETING YEAR","","STATE","VERMONT","50","","","","","","","00000000","","CATTLE","CATTLE, COWS - PRICE RECEIVED, MEASURED IN $ / CWT","TOTAL","NOT SPECIFIED","52",""
"SURVEY","2005","MARKETING YEAR","","STATE","VIRGINIA","51","","","","","","","00000000","","CATTLE","CATTLE, COWS - PRICE RECEIVED, MEASURED IN $ / CWT","TOTAL","NOT SPECIFIED","48.4",""
"SURVEY","2005","MARKETING YEAR","","STATE","WASHINGTON","53","","","","","","","00000000","","CATTLE","CATTLE, COWS - PRICE RECEIVED, MEASURED IN $ / CWT","TOTAL","NOT SPECIFIED","51.9",""
"SURVEY","2005","MARKETING YEAR","","STATE","WEST VIRGINIA","54","","","","","","","00000000","","CATTLE","CATTLE, COWS - PRICE RECEIVED, MEASURED IN $ / CWT","TOTAL","NOT SPECIFIED","45.8",""
"SURVEY","2005","MARKETING YEAR","","STATE","WISCONSIN","55","","","","","","","00000000","","CATTLE","CATTLE, COWS - PRICE RECEIVED, MEASURED IN $ / CWT","TOTAL","NOT SPECIFIED","52.7",""
"SURVEY","2005","MARKETING YEAR","","STATE","WYOMING","56","","","","","","","00000000","","CATTLE","CATTLE, COWS - PRICE RECEIVED, MEASURED IN $ / CWT","TOTAL","NOT SPECIFIED","54.2",""
"SURVEY","2004","MARKETING YEAR","","STATE","ALABAMA","01","","","","","","","00000000","","CATTLE","CATTLE, COWS - PRICE RECEIVED, MEASURED IN $ / CWT","TOTAL","NOT SPECIFIED","46.6",""
"SURVEY","2004","MARKETING YEAR","","STATE","ALASKA","02","","","","","","","00000000","","CATTLE","CATTLE, COWS - PRICE RECEIVED, MEASURED IN $ / CWT","TOTAL","NOT SPECIFIED","80",""
"SURVEY","2004","MARKETING YEAR","","STATE","ARIZONA","04","","","","","","","00000000","","CATTLE","CATTLE, COWS - PRICE RECEIVED, MEASURED IN $ / CWT","TOTAL","NOT SPECIFIED","50.6",""
"SURVEY","2004","MARKETING YEAR","","STATE","ARKANSAS","05","","","","","","","00000000","","CATTLE","CATTLE, COWS - PRICE RECEIVED, MEASURED IN $ / CWT","TOTAL","NOT SPECIFIED","46.1",""
"SURVEY","2004","MARKETING YEAR","","STATE","CALIFORNIA","06","","","","","","","00000000","","CATTLE","CATTLE, COWS - PRICE RECEIVED, MEASURED IN $ / CWT","TOTAL","NOT SPECIFIED","47.2",""
"SURVEY","2004","MARKETING YEAR","","STATE","COLORADO","08","","","","","","","00000000","","CATTLE","CATTLE, COWS - PRICE RECEIVED, MEASURED IN $ / CWT","TOTAL","NOT SPECIFIED","51.3",""
"SURVEY","2004","MARKETING YEAR","","STATE","CONNECTICUT","09","","","","","","","00000000","","CATTLE","CATTLE, COWS - PRICE RECEIVED, MEASURED IN $ / CWT","TOTAL","NOT SPECIFIED","50",""
"SURVEY","2004","MARKETING YEAR","","STATE","DELAWARE","10","","","","","","","00000000","","CATTLE","CATTLE, COWS - PRICE RECEIVED, MEASURED IN $ / CWT","TOTAL","NOT SPECIFIED","52",""
"SURVEY","2004","MARKETING YEAR","","STATE","FLORIDA","12","","","","","","","00000000","","CATTLE","CATTLE, COWS - PRICE RECEIVED, MEASURED IN $ / CWT","TOTAL","NOT SPECIFIED","49.4",""
"SURVEY","2004","MARKETING YEAR","","STATE","GEORGIA","13","","","","","","","00000000","","CATTLE","CATTLE, COWS - PRICE RECEIVED, MEASURED IN $ / CWT","TOTAL","NOT SPECIFIED","51.2",""
"SURVEY","2004","MARKETING YEAR","","STATE","HAWAII","15","","","","","","","00000000","","CATTLE","CATTLE, COWS - PRICE RECEIVED, MEASURED IN $ / CWT","TOTAL","NOT SPECIFIED","27.7",""
"SURVEY","2004","MARKETING YEAR","","STATE","IDAHO","16","","","","","","","00000000","","CATTLE","CATTLE, COWS - PRICE RECEIVED, MEASURED IN $ / CWT","TOTAL","NOT SPECIFIED","47.7",""
"SURVEY","2004","MARKETING YEAR","","STATE","ILLINOIS","17","","","","","","","00000000","","CATTLE","CATTLE, COWS - PRICE RECEIVED, MEASURED IN $ / CWT","TOTAL","NOT SPECIFIED","47.7",""
"SURVEY","2004","MARKETING YEAR","","STATE","INDIANA","18","","","","","","","00000000","","CATTLE","CATTLE, COWS - PRICE RECEIVED, MEASURED IN $ / CWT","TOTAL","NOT SPECIFIED","49.8",""
"SURVEY","2004","MARKETING YEAR","","STATE","IOWA","19","","","","","","","00000000","","CATTLE","CATTLE, COWS - PRICE RECEIVED, MEASURED IN $ / CWT","TOTAL","NOT SPECIFIED","49.9",""
"SURVEY","2004","MARKETING YEAR","","STATE","KANSAS","20","","","","","","","00000000","","CATTLE","CATTLE, COWS - PRICE RECEIVED, MEASURED IN $ / CWT","TOTAL","NOT SPECIFIED","49.8",""
"SURVEY","2004","MARKETING YEAR","","STATE","KENTUCKY","21","","","","","","","00000000","","CATTLE","CATTLE, COWS - PRICE RECEIVED, MEASURED IN $ / CWT","TOTAL","NOT SPECIFIED","49.7",""
"SURVEY","2004","MARKETING YEAR","","STATE","LOUISIANA","22","","","","","","","00000000","","CATTLE","CATTLE, COWS - PRICE RECEIVED, MEASURED IN $ / CWT","TOTAL","NOT SPECIFIED","48.2",""
"SURVEY","2004","MARKETING YEAR","","STATE","MAINE","23","","","","","","","00000000","","CATTLE","CATTLE, COWS - PRICE RECEIVED, MEASURED IN $ / CWT","TOTAL","NOT SPECIFIED","53",""
"SURVEY","2004","MARKETING YEAR","","STATE","MARYLAND","24","","","","","","","00000000","","CATTLE","CATTLE, COWS - PRICE RECEIVED, MEASURED IN $ / CWT","TOTAL","NOT SPECIFIED","52",""
"SURVEY","2004","MARKETING YEAR","","STATE","MASSACHUSETTS","25","","","","","","","00000000","","CATTLE","CATTLE, COWS - PRICE RECEIVED, MEASURED IN $ / CWT","TOTAL","NOT SPECIFIED","46",""
"SURVEY","2004","MARKETING YEAR","","STATE","MICHIGAN","26","","","","","","","00000000","","CATTLE","CATTLE, COWS - PRICE RECEIVED, MEASURED IN $ / CWT","TOTAL","NOT SPECIFIED","50.4",""
"SURVEY","2004","MARKETING YEAR","","STATE","MINNESOTA","27","","","","","","","00000000","","CATTLE","CATTLE, COWS - PRICE RECEIVED, MEASURED IN $ / CWT","TOTAL","NOT SPECIFIED","53.6",""
"SURVEY","2004","MARKETING YEAR","","STATE","MISSISSIPPI","28","","","","","","","00000000","","CATTLE","CATTLE, COWS - PRICE RECEIVED, MEASURED IN $ / CWT","TOTAL","NOT SPECIFIED","46.4",""
"SURVEY","2004","MARKETING YEAR","","STATE","MISSOURI","29","","","","","","","00000000","","CATTLE","CATTLE, COWS - PRICE RECEIVED, MEASURED IN $ / CWT","TOTAL","NOT SPECIFIED","50.3",""
"SURVEY","2004","MARKETING YEAR","","STATE","MONTANA","30","","","","","","","00000000","","CATTLE","CATTLE, COWS - PRICE RECEIVED, MEASURED IN $ / CWT","TOTAL","NOT SPECIFIED","51.4",""
"SURVEY","2004","MARKETING YEAR","","STATE","NEBRASKA","31","","","","","","","00000000","","CATTLE","CATTLE, COWS - PRICE RECEIVED, MEASURED IN $ / CWT","TOTAL","NOT SPECIFIED","52.6",""
"SURVEY","2004","MARKETING YEAR","","STATE","NEVADA","32","","","","","","","00000000","","CATTLE","CATTLE, COWS - PRICE RECEIVED, MEASURED IN $ / CWT","TOTAL","NOT SPECIFIED","42.3",""
"SURVEY","2004","MARKETING YEAR","","STATE","NEW HAMPSHIRE","33","","","","","","","00000000","","CATTLE","CATTLE, COWS - PRICE RECEIVED, MEASURED IN $ / CWT","TOTAL","NOT SPECIFIED","50",""
"SURVEY","2004","MARKETING YEAR","","STATE","NEW JERSEY","34","","","","","","","00000000","","CATTLE","CATTLE, COWS - PRICE RECEIVED, MEASURED IN $ / CWT","TOTAL","NOT SPECIFIED","49",""
"SURVEY","2004","MARKETING YEAR","","STATE","NEW MEXICO","35","","","","","","","00000000","","CATTLE","CATTLE, COWS - PRICE RECEIVED, MEASURED IN $ / CWT","TOTAL","NOT SPECIFIED","51.5",""
"SURVEY","2004","MARKETING YEAR","","STATE","NEW YORK","36","","","","","","","00000000","","CATTLE","CATTLE, COWS - PRICE RECEIVED, MEASURED IN $ / CWT","TOTAL","NOT SPECIFIED","46.4",""
"SURVEY","2004","MARKETING YEAR","","STATE","NORTH CAROLINA","37","","","","","","","00000000","","CATTLE","CATTLE, COWS - PRICE RECEIVED, MEASURED IN $ / CWT","TOTAL","NOT SPECIFIED","50",""
"SURVEY","2004","MARKETING YEAR","","STATE","NORTH DAKOTA","38","","","","","","","00000000","","CATTLE","CATTLE, COWS - PRICE RECEIVED, MEASURED IN $ / CWT","TOTAL","NOT SPECIFIED","52.5",""
"SURVEY","2004","MARKETING YEAR","","STATE","OHIO","39","","","","","","","00000000","","CATTLE","CATTLE, COWS - PRICE RECEIVED, MEASURED IN $ / CWT","TOTAL","NOT SPECIFIED","44.9",""
"SURVEY","2004","MARKETING YEAR","","STATE","OKLAHOMA","40","","","","","","","00000000","","CATTLE","CATTLE, COWS - PRICE RECEIVED, MEASURED IN $ / CWT","TOTAL","NOT SPECIFIED","51.5",""
"SURVEY","2004","MARKETING YEAR","","STATE","OREGON","41","","","","","","","00000000","","CATTLE","CATTLE, COWS - PRICE RECEIVED, MEASURED IN $ / CWT","TOTAL","NOT SPECIFIED","48.6",""
"SURVEY","2004","MARKETING YEAR","","STATE","PENNSYLVANIA","42","","","","","","","00000000","","CATTLE","CATTLE, COWS - PRICE RECEIVED, MEASURED IN $ / CWT","TOTAL","NOT SPECIFIED","49.2",""
"SURVEY","2004","MARKETING YEAR","","STATE","RHODE ISLAND","44","","","","","","","00000000","","CATTLE","CATTLE, COWS - PRICE RECEIVED, MEASURED IN $ / CWT","TOTAL","NOT SPECIFIED","46",""
"SURVEY","2004","MARKETING YEAR","","STATE","SOUTH CAROLINA","45","","","","","","","00000000","","CATTLE","CATTLE, COWS - PRICE RECEIVED, MEASURED IN $ / CWT","TOTAL","NOT SPECIFIED","51.8",""
"SURVEY","2004","MARKETING YEAR","","STATE","SOUTH DAKOTA","46","","","","","","","00000000","","CATTLE","CATTLE, COWS - PRICE RECEIVED, MEASURED IN $ / CWT","TOTAL","NOT SPECIFIED","51.2",""
"SURVEY","2004","MARKETING YEAR","","STATE","TENNESSEE","47","","","","","","","00000000","","CATTLE","CATTLE, COWS - PRICE RECEIVED, MEASURED IN $ / CWT","TOTAL","NOT SPECIFIED","47.7",""
"SURVEY","2004","MARKETING YEAR","","STATE","TEXAS","48","","","","","","","00000000","","CATTLE","CATTLE, COWS - PRICE RECEIVED, MEASURED IN $ / CWT","TOTAL","NOT SPECIFIED","49.3",""
"SURVEY","2004","MARKETING YEAR","","STATE","UTAH","49","","","","","","","00000000","","CATTLE","CATTLE, COWS - PRICE RECEIVED, MEASURED IN $ / CWT","TOTAL","NOT SPECIFIED","43",""
"SURVEY","2004","MARKETING YEAR","","STATE","VERMONT","50","","","","","","","00000000","","CATTLE","CATTLE, COWS - PRICE RECEIVED, MEASURED IN $ / CWT","TOTAL","NOT SPECIFIED","50",""
"SURVEY","2004","MARKETING YEAR","","STATE","VIRGINIA","51","","","","","","","00000000","","CATTLE","CATTLE, COWS - PRICE RECEIVED, MEASURED IN $ / CWT","TOTAL","NOT SPECIFIED","45.9",""
"SURVEY","2004","MARKETING YEAR","","STATE","WASHINGTON","53","","","","","","","00000000","","CATTLE","CATTLE, COWS - PRICE RECEIVED, MEASURED IN $ / CWT","TOTAL","NOT SPECIFIED","50.4",""
"SURVEY","2004","MARKETING YEAR","","STATE","WEST VIRGINIA","54","","","","","","","00000000","","CATTLE","CATTLE, COWS - PRICE RECEIVED, MEASURED IN $ / CWT","TOTAL","NOT SPECIFIED","45",""
"SURVEY","2004","MARKETING YEAR","","STATE","WISCONSIN","55","","","","","","","00000000","","CATTLE","CATTLE, COWS - PRICE RECEIVED, MEASURED IN $ / CWT","TOTAL","NOT SPECIFIED","51.4",""
"SURVEY","2004","MARKETING YEAR","","STATE","WYOMING","56","","","","","","","00000000","","CATTLE","CATTLE, COWS - PRICE RECEIVED, MEASURED IN $ / CWT","TOTAL","NOT SPECIFIED","52.5",""
"SURVEY","2003","MARKETING YEAR","","STATE","ALABAMA","01","","","","","","","00000000","","CATTLE","CATTLE, COWS - PRICE RECEIVED, MEASURED IN $ / CWT","TOTAL","NOT SPECIFIED","36.8",""
"SURVEY","2003","MARKETING YEAR","","STATE","ALASKA","02","","","","","","","00000000","","CATTLE","CATTLE, COWS - PRICE RECEIVED, MEASURED IN $ / CWT","TOTAL","NOT SPECIFIED","70",""
"SURVEY","2003","MARKETING YEAR","","STATE","ARIZONA","04","","","","","","","00000000","","CATTLE","CATTLE, COWS - PRICE RECEIVED, MEASURED IN $ / CWT","TOTAL","NOT SPECIFIED","42.5",""
"SURVEY","2003","MARKETING YEAR","","STATE","ARKANSAS","05","","","","","","","00000000","","CATTLE","CATTLE, COWS - PRICE RECEIVED, MEASURED IN $ / CWT","TOTAL","NOT SPECIFIED","39",""
"SURVEY","2003","MARKETING YEAR","","STATE","CALIFORNIA","06","","","","","","","00000000","","CATTLE","CATTLE, COWS - PRICE RECEIVED, MEASURED IN $ / CWT","TOTAL","NOT SPECIFIED","41.1",""
"SURVEY","2003","MARKETING YEAR","","STATE","COLORADO","08","","","","","","","00000000","","CATTLE","CATTLE, COWS - PRICE RECEIVED, MEASURED IN $ / CWT","TOTAL","NOT SPECIFIED","45.6",""
"SURVEY","2003","MARKETING YEAR","","STATE","CONNECTICUT","09","","","","","","","00000000","","CATTLE","CATTLE, COWS - PRICE RECEIVED, MEASURED IN $ / CWT","TOTAL","NOT SPECIFIED","45",""
"SURVEY","2003","MARKETING YEAR","","STATE","DELAWARE","10","","","","","","","00000000","","CATTLE","CATTLE, COWS - PRICE RECEIVED, MEASURED IN $ / CWT","TOTAL","NOT SPECIFIED","47.8",""
"SURVEY","2003","MARKETING YEAR","","STATE","FLORIDA","12","","","","","","","00000000","","CATTLE","CATTLE, COWS - PRICE RECEIVED, MEASURED IN $ / CWT","TOTAL","NOT SPECIFIED","40.5",""
"SURVEY","2003","MARKETING YEAR","","STATE","GEORGIA","13","","","","","","","00000000","","CATTLE","CATTLE, COWS - PRICE RECEIVED, MEASURED IN $ / CWT","TOTAL","NOT SPECIFIED","41.2",""
"SURVEY","2003","MARKETING YEAR","","STATE","HAWAII","15","","","","","","","00000000","","CATTLE","CATTLE, COWS - PRICE RECEIVED, MEASURED IN $ / CWT","TOTAL","NOT SPECIFIED","27.6",""
"SURVEY","2003","MARKETING YEAR","","STATE","IDAHO","16","","","","","","","00000000","","CATTLE","CATTLE, COWS - PRICE RECEIVED, MEASURED IN $ / CWT","TOTAL","NOT SPECIFIED","41.6",""
"SURVEY","2003","MARKETING YEAR","","STATE","ILLINOIS","17","","","","","","","00000000","","CATTLE","CATTLE, COWS - PRICE RECEIVED, MEASURED IN $ / CWT","TOTAL","NOT SPECIFIED","42.8",""
"SURVEY","2003","MARKETING YEAR","","STATE","INDIANA","18","","","","","","","00000000","","CATTLE","CATTLE, COWS - PRICE RECEIVED, MEASURED IN $ / CWT","TOTAL","NOT SPECIFIED","42.7",""
"SURVEY","2003","MARKETING YEAR","","STATE","IOWA","19","","","","","","","00000000","","CATTLE","CATTLE, COWS - PRICE RECEIVED, MEASURED IN $ / CWT","TOTAL","NOT SPECIFIED","43.4",""
"SURVEY","2003","MARKETING YEAR","","STATE","KANSAS","20","","","","","","","00000000","","CATTLE","CATTLE, COWS - PRICE RECEIVED, MEASURED IN $ / CWT","TOTAL","NOT SPECIFIED","42.8",""
"SURVEY","2003","MARKETING YEAR","","STATE","KENTUCKY","21","","","","","","","00000000","","CATTLE","CATTLE, COWS - PRICE RECEIVED, MEASURED IN $ / CWT","TOTAL","NOT SPECIFIED","43.2",""
"SURVEY","2003","MARKETING YEAR","","STATE","LOUISIANA","22","","","","","","","00000000","","CATTLE","CATTLE, COWS - PRICE RECEIVED, MEASURED IN $ / CWT","TOTAL","NOT SPECIFIED","40.5",""
"SURVEY","2003","MARKETING YEAR","","STATE","MAINE","23","","","","","","","00000000","","CATTLE","CATTLE, COWS - PRICE RECEIVED, MEASURED IN $ / CWT","TOTAL","NOT SPECIFIED","47",""
"SURVEY","2003","MARKETING YEAR","","STATE","MARYLAND","24","","","","","","","00000000","","CATTLE","CATTLE, COWS - PRICE RECEIVED, MEASURED IN $ / CWT","TOTAL","NOT SPECIFIED","47.8",""
"SURVEY","2003","MARKETING YEAR","","STATE","MASSACHUSETTS","25","","","","","","","00000000","","CATTLE","CATTLE, COWS - PRICE RECEIVED, MEASURED IN $ / CWT","TOTAL","NOT SPECIFIED","45",""
"SURVEY","2003","MARKETING YEAR","","STATE","MICHIGAN","26","","","","","","","00000000","","CATTLE","CATTLE, COWS - PRICE RECEIVED, MEASURED IN $ / CWT","TOTAL","NOT SPECIFIED","41.6",""
"SURVEY","2003","MARKETING YEAR","","STATE","MINNESOTA","27","","","","","","","00000000","","CATTLE","CATTLE, COWS - PRICE RECEIVED, MEASURED IN $ / CWT","TOTAL","NOT SPECIFIED","47.7",""
"SURVEY","2003","MARKETING YEAR","","STATE","MISSISSIPPI","28","","","","","","","00000000","","CATTLE","CATTLE, COWS - PRICE RECEIVED, MEASURED IN $ / CWT","TOTAL","NOT SPECIFIED","38.9",""
"SURVEY","2003","MARKETING YEAR","","STATE","MISSOURI","29","","","","","","","00000000","","CATTLE","CATTLE, COWS - PRICE RECEIVED, MEASURED IN $ / CWT","TOTAL","NOT SPECIFIED","41.8",""
"SURVEY","2003","MARKETING YEAR","","STATE","MONTANA","30","","","","","","","00000000","","CATTLE","CATTLE, COWS - PRICE RECEIVED, MEASURED IN $ / CWT","TOTAL","NOT SPECIFIED","45.6",""
"SURVEY","2003","MARKETING YEAR","","STATE","NEBRASKA","31","","","","","","","00000000","","CATTLE","CATTLE, COWS - PRICE RECEIVED, MEASURED IN $ / CWT","TOTAL","NOT SPECIFIED","44",""
"SURVEY","2003","MARKETING YEAR","","STATE","NEVADA","32","","","","","","","00000000","","CATTLE","CATTLE, COWS - PRICE RECEIVED, MEASURED IN $ / CWT","TOTAL","NOT SPECIFIED","41.6",""
"SURVEY","2003","MARKETING YEAR","","STATE","NEW HAMPSHIRE","33","","","","","","","00000000","","CATTLE","CATTLE, COWS - PRICE RECEIVED, MEASURED IN $ / CWT","TOTAL","NOT SPECIFIED","45",""
"SURVEY","2003","MARKETING YEAR","","STATE","NEW JERSEY","34","","","","","","","00000000","","CATTLE","CATTLE, COWS - PRICE RECEIVED, MEASURED IN $ / CWT","TOTAL","NOT SPECIFIED","41",""
"SURVEY","2003","MARKETING YEAR","","STATE","NEW MEXICO","35","","","","","","","00000000","","CATTLE","CATTLE, COWS - PRICE RECEIVED, MEASURED IN $ / CWT","TOTAL","NOT SPECIFIED","43.3",""
"SURVEY","2003","MARKETING YEAR","","STATE","NEW YORK","36","","","","","","","00000000","","CATTLE","CATTLE, COWS - PRICE RECEIVED, MEASURED IN $ / CWT","TOTAL","NOT SPECIFIED","40.3",""
"SURVEY","2003","MARKETING YEAR","","STATE","NORTH CAROLINA","37","","","","","","","00000000","","CATTLE","CATTLE, COWS - PRICE RECEIVED, MEASURED IN $ / CWT","TOTAL","NOT SPECIFIED","42.5",""
"SURVEY","2003","MARKETING YEAR","","STATE","NORTH DAKOTA","38","","","","","","","00000000","","CATTLE","CATTLE, COWS - PRICE RECEIVED, MEASURED IN $ / CWT","TOTAL","NOT SPECIFIED","44.5",""
"SURVEY","2003","MARKETING YEAR","","STATE","OHIO","39","","","","","","","00000000","","CATTLE","CATTLE, COWS - PRICE RECEIVED, MEASURED IN $ / CWT","TOTAL","NOT SPECIFIED","38.8",""
"SURVEY","2003","MARKETING YEAR","","STATE","OKLAHOMA","40","","","","","","","00000000","","CATTLE","CATTLE, COWS - PRICE RECEIVED, MEASURED IN $ / CWT","TOTAL","NOT SPECIFIED","42.8",""
"SURVEY","2003","MARKETING YEAR","","STATE","OREGON","41","","","","","","","00000000","","CATTLE","CATTLE, COWS - PRICE RECEIVED, MEASURED IN $ / CWT","TOTAL","NOT SPECIFIED","44.7",""
"SURVEY","2003","MARKETING YEAR","","STATE","PENNSYLVANIA","42","","","","","","","00000000","","CATTLE","CATTLE, COWS - PRICE RECEIVED, MEASURED IN $ / CWT","TOTAL","NOT SPECIFIED","42.1",""
"SURVEY","2003","MARKETING YEAR","","STATE","RHODE ISLAND","44","","","","","","","00000000","","CATTLE","CATTLE, COWS - PRICE RECEIVED, MEASURED IN $ / CWT","TOTAL","NOT SPECIFIED","45",""
"SURVEY","2003","MARKETING YEAR","","STATE","SOUTH CAROLINA","45","","","","","","","00000000","","CATTLE","CATTLE, COWS - PRICE RECEIVED, MEASURED IN $ / CWT","TOTAL","NOT SPECIFIED","43.7",""
"SURVEY","2003","MARKETING YEAR","","STATE","SOUTH DAKOTA","46","","","","","","","00000000","","CATTLE","CATTLE, COWS - PRICE RECEIVED, MEASURED IN $ / CWT","TOTAL","NOT SPECIFIED","44.8",""
"SURVEY","2003","MARKETING YEAR","","STATE","TENNESSEE","47","","","","","","","00000000","","CATTLE","CATTLE, COWS - PRICE RECEIVED, MEASURED IN $ / CWT","TOTAL","NOT SPECIFIED","38.7",""
"SURVEY","2003","MARKETING YEAR","","STATE","TEXAS","48","","","","","","","00000000","","CATTLE","CATTLE, COWS - PRICE RECEIVED, MEASURED IN $ / CWT","TOTAL","NOT SPECIFIED","40.3",""
"SURVEY","2003","MARKETING YEAR","","STATE","UTAH","49","","","","","","","00000000","","CATTLE","CATTLE, COWS - PRICE RECEIVED, MEASURED IN $ / CWT","TOTAL","NOT SPECIFIED","42",""
"SURVEY","2003","MARKETING YEAR","","STATE","VERMONT","50","","","","","","","00000000","","CATTLE","CATTLE, COWS - PRICE RECEIVED, MEASURED IN $ / CWT","TOTAL","NOT SPECIFIED","45",""
"SURVEY","2003","MARKETING YEAR","","STATE","VIRGINIA","51","","","","","","","00000000","","CATTLE","CATTLE, COWS - PRICE RECEIVED, MEASURED IN $ / CWT","TOTAL","NOT SPECIFIED","36.6",""
"SURVEY","2003","MARKETING YEAR","","STATE","WASHINGTON","53","","","","","","","00000000","","CATTLE","CATTLE, COWS - PRICE RECEIVED, MEASURED IN $ / CWT","TOTAL","NOT SPECIFIED","43.9",""
"SURVEY","2003","MARKETING YEAR","","STATE","WEST VIRGINIA","54","","","","","","","00000000","","CATTLE","CATTLE, COWS - PRICE RECEIVED, MEASURED IN $ / CWT","TOTAL","NOT SPECIFIED","37.4",""
"SURVEY","2003","MARKETING YEAR","","STATE","WISCONSIN","55","","","","","","","00000000","","CATTLE","CATTLE, COWS - PRICE RECEIVED, MEASURED IN $ / CWT","TOTAL","NOT SPECIFIED","44.5",""
"SURVEY","2003","MARKETING YEAR","","STATE","WYOMING","56","","","","","","","00000000","","CATTLE","CATTLE, COWS - PRICE RECEIVED, MEASURED IN $ / CWT","TOTAL","NOT SPECIFIED","45.7",""
